/home/jovyan/slowfast/data/RWF2000/Fight/F_609.avi,0
/home/jovyan/slowfast/data/RWF2000/Fight/F_45.avi,0
/home/jovyan/slowfast/data/RWF2000/NoFight/NF_574.avi,1
/home/jovyan/slowfast/data/RWF2000/Fight/F_111.avi,0
/home/jovyan/slowfast/data/RWF2000/Fight/F_539.avi,0
/home/jovyan/slowfast/data/RWF2000/Fight/F_431.avi,0
/home/jovyan/slowfast/data/RWF2000/NoFight/NF_805.avi,1
/home/jovyan/slowfast/data/RWF2000/NoFight/NF_585.avi,1
/home/jovyan/slowfast/data/RWF2000/Fight/F_209.avi,0
/home/jovyan/slowfast/data/RWF2000/NoFight/NF_17.avi,1
/home/jovyan/slowfast/data/RWF2000/Fight/F_787.avi,0
/home/jovyan/slowfast/data/RWF2000/Fight/F_551.avi,0
/home/jovyan/slowfast/data/RWF2000/Fight/F_733.avi,0
/home/jovyan/slowfast/data/RWF2000/Fight/F_120.avi,0
/home/jovyan/slowfast/data/RWF2000/NoFight/NF_797.avi,1
/home/jovyan/slowfast/data/RWF2000/NoFight/NF_542.avi,1
/home/jovyan/slowfast/data/RWF2000/NoFight/NF_632.avi,1
/home/jovyan/slowfast/data/RWF2000/NoFight/NF_446.avi,1
/home/jovyan/slowfast/data/RWF2000/NoFight/NF_233.avi,1
/home/jovyan/slowfast/data/RWF2000/NoFight/NF_609.avi,1
/home/jovyan/slowfast/data/RWF2000/Fight/F_740.avi,0
/home/jovyan/slowfast/data/RWF2000/Fight/F_501.avi,0
/home/jovyan/slowfast/data/RWF2000/Fight/F_706.avi,0
/home/jovyan/slowfast/data/RWF2000/Fight/F_406.avi,0
/home/jovyan/slowfast/data/RWF2000/Fight/F_139.avi,0
/home/jovyan/slowfast/data/RWF2000/Fight/F_146.avi,0
/home/jovyan/slowfast/data/RWF2000/NoFight/NF_595.avi,1
/home/jovyan/slowfast/data/RWF2000/NoFight/NF_232.avi,1
/home/jovyan/slowfast/data/RWF2000/Fight/F_611.avi,0
/home/jovyan/slowfast/data/RWF2000/Fight/F_724.avi,0
/home/jovyan/slowfast/data/RWF2000/Fight/F_683.avi,0
/home/jovyan/slowfast/data/RWF2000/NoFight/NF_171.avi,1
/home/jovyan/slowfast/data/RWF2000/NoFight/NF_44.avi,1
/home/jovyan/slowfast/data/RWF2000/NoFight/NF_13.avi,1
/home/jovyan/slowfast/data/RWF2000/Fight/F_804.avi,0
/home/jovyan/slowfast/data/RWF2000/Fight/F_759.avi,0
/home/jovyan/slowfast/data/RWF2000/NoFight/NF_410.avi,1
/home/jovyan/slowfast/data/RWF2000/NoFight/NF_593.avi,1
/home/jovyan/slowfast/data/RWF2000/Fight/F_183.avi,0
/home/jovyan/slowfast/data/RWF2000/Fight/F_735.avi,0
/home/jovyan/slowfast/data/RWF2000/NoFight/NF_557.avi,1
/home/jovyan/slowfast/data/RWF2000/NoFight/NF_755.avi,1
/home/jovyan/slowfast/data/RWF2000/NoFight/NF_712.avi,1
/home/jovyan/slowfast/data/RWF2000/NoFight/NF_498.avi,1
/home/jovyan/slowfast/data/RWF2000/Fight/F_19.avi,0
/home/jovyan/slowfast/data/RWF2000/Fight/F_233.avi,0
/home/jovyan/slowfast/data/RWF2000/Fight/F_22.avi,0
/home/jovyan/slowfast/data/RWF2000/Fight/F_11.avi,0
/home/jovyan/slowfast/data/RWF2000/NoFight/NF_73.avi,1
/home/jovyan/slowfast/data/RWF2000/NoFight/NF_644.avi,1
/home/jovyan/slowfast/data/RWF2000/NoFight/NF_667.avi,1
/home/jovyan/slowfast/data/RWF2000/NoFight/NF_165.avi,1
/home/jovyan/slowfast/data/RWF2000/NoFight/NF_781.avi,1
/home/jovyan/slowfast/data/RWF2000/NoFight/NF_535.avi,1
/home/jovyan/slowfast/data/RWF2000/Fight/F_432.avi,0
/home/jovyan/slowfast/data/RWF2000/NoFight/NF_70.avi,1
/home/jovyan/slowfast/data/RWF2000/Fight/F_476.avi,0
/home/jovyan/slowfast/data/RWF2000/NoFight/NF_776.avi,1
/home/jovyan/slowfast/data/RWF2000/Fight/F_53.avi,0
/home/jovyan/slowfast/data/RWF2000/Fight/F_719.avi,0
/home/jovyan/slowfast/data/RWF2000/NoFight/NF_700.avi,1
/home/jovyan/slowfast/data/RWF2000/NoFight/NF_605.avi,1
/home/jovyan/slowfast/data/RWF2000/NoFight/NF_52.avi,1
/home/jovyan/slowfast/data/RWF2000/NoFight/NF_206.avi,1
/home/jovyan/slowfast/data/RWF2000/NoFight/NF_23.avi,1
/home/jovyan/slowfast/data/RWF2000/Fight/F_446.avi,0
/home/jovyan/slowfast/data/RWF2000/NoFight/NF_764.avi,1
/home/jovyan/slowfast/data/RWF2000/NoFight/NF_786.avi,1
/home/jovyan/slowfast/data/RWF2000/NoFight/NF_656.avi,1
/home/jovyan/slowfast/data/RWF2000/Fight/F_502.avi,0
/home/jovyan/slowfast/data/RWF2000/NoFight/NF_624.avi,1
/home/jovyan/slowfast/data/RWF2000/Fight/F_657.avi,0
/home/jovyan/slowfast/data/RWF2000/Fight/F_760.avi,0
/home/jovyan/slowfast/data/RWF2000/Fight/F_164.avi,0
/home/jovyan/slowfast/data/RWF2000/NoFight/NF_391.avi,1
/home/jovyan/slowfast/data/RWF2000/Fight/F_679.avi,0
/home/jovyan/slowfast/data/RWF2000/Fight/F_757.avi,0
/home/jovyan/slowfast/data/RWF2000/NoFight/NF_227.avi,1
/home/jovyan/slowfast/data/RWF2000/Fight/F_786.avi,0
/home/jovyan/slowfast/data/RWF2000/Fight/F_592.avi,0
/home/jovyan/slowfast/data/RWF2000/NoFight/NF_392.avi,1
/home/jovyan/slowfast/data/RWF2000/Fight/F_667.avi,0
/home/jovyan/slowfast/data/RWF2000/NoFight/NF_241.avi,1
/home/jovyan/slowfast/data/RWF2000/NoFight/NF_123.avi,1
/home/jovyan/slowfast/data/RWF2000/Fight/F_714.avi,0
/home/jovyan/slowfast/data/RWF2000/Fight/F_400.avi,0
/home/jovyan/slowfast/data/RWF2000/Fight/F_118.avi,0
/home/jovyan/slowfast/data/RWF2000/NoFight/NF_46.avi,1
/home/jovyan/slowfast/data/RWF2000/NoFight/NF_813.avi,1
/home/jovyan/slowfast/data/RWF2000/Fight/F_598.avi,0
/home/jovyan/slowfast/data/RWF2000/Fight/F_229.avi,0
/home/jovyan/slowfast/data/RWF2000/NoFight/NF_698.avi,1
/home/jovyan/slowfast/data/RWF2000/NoFight/NF_78.avi,1
/home/jovyan/slowfast/data/RWF2000/Fight/F_477.avi,0
/home/jovyan/slowfast/data/RWF2000/Fight/F_594.avi,0
/home/jovyan/slowfast/data/RWF2000/NoFight/NF_717.avi,1
/home/jovyan/slowfast/data/RWF2000/Fight/F_459.avi,0
/home/jovyan/slowfast/data/RWF2000/NoFight/NF_502.avi,1
/home/jovyan/slowfast/data/RWF2000/Fight/F_503.avi,0
/home/jovyan/slowfast/data/RWF2000/NoFight/NF_430.avi,1
/home/jovyan/slowfast/data/RWF2000/NoFight/NF_699.avi,1
/home/jovyan/slowfast/data/RWF2000/Fight/F_645.avi,0
/home/jovyan/slowfast/data/RWF2000/NoFight/NF_662.avi,1
/home/jovyan/slowfast/data/RWF2000/NoFight/NF_678.avi,1
/home/jovyan/slowfast/data/RWF2000/NoFight/NF_434.avi,1
/home/jovyan/slowfast/data/RWF2000/NoFight/NF_47.avi,1
/home/jovyan/slowfast/data/RWF2000/Fight/F_101.avi,0
/home/jovyan/slowfast/data/RWF2000/NoFight/NF_701.avi,1
/home/jovyan/slowfast/data/RWF2000/NoFight/NF_440.avi,1
/home/jovyan/slowfast/data/RWF2000/NoFight/NF_626.avi,1
/home/jovyan/slowfast/data/RWF2000/NoFight/NF_79.avi,1
/home/jovyan/slowfast/data/RWF2000/NoFight/NF_166.avi,1
/home/jovyan/slowfast/data/RWF2000/NoFight/NF_763.avi,1
/home/jovyan/slowfast/data/RWF2000/Fight/F_682.avi,0
/home/jovyan/slowfast/data/RWF2000/Fight/F_102.avi,0
/home/jovyan/slowfast/data/RWF2000/NoFight/NF_599.avi,1
/home/jovyan/slowfast/data/RWF2000/Fight/F_567.avi,0
/home/jovyan/slowfast/data/RWF2000/NoFight/NF_619.avi,1
/home/jovyan/slowfast/data/RWF2000/NoFight/NF_651.avi,1
/home/jovyan/slowfast/data/RWF2000/Fight/F_468.avi,0
/home/jovyan/slowfast/data/RWF2000/Fight/F_556.avi,0
/home/jovyan/slowfast/data/RWF2000/NoFight/NF_803.avi,1
/home/jovyan/slowfast/data/RWF2000/NoFight/NF_486.avi,1
/home/jovyan/slowfast/data/RWF2000/NoFight/NF_38.avi,1
/home/jovyan/slowfast/data/RWF2000/Fight/F_125.avi,0
/home/jovyan/slowfast/data/RWF2000/NoFight/NF_655.avi,1
/home/jovyan/slowfast/data/RWF2000/Fight/F_712.avi,0
/home/jovyan/slowfast/data/RWF2000/NoFight/NF_240.avi,1
/home/jovyan/slowfast/data/RWF2000/NoFight/NF_709.avi,1
/home/jovyan/slowfast/data/RWF2000/Fight/F_196.avi,0
/home/jovyan/slowfast/data/RWF2000/Fight/F_113.avi,0
/home/jovyan/slowfast/data/RWF2000/Fight/F_550.avi,0
/home/jovyan/slowfast/data/RWF2000/Fight/F_484.avi,0
/home/jovyan/slowfast/data/RWF2000/Fight/F_801.avi,0
/home/jovyan/slowfast/data/RWF2000/NoFight/NF_795.avi,1
/home/jovyan/slowfast/data/RWF2000/NoFight/NF_505.avi,1
/home/jovyan/slowfast/data/RWF2000/Fight/F_422.avi,0
/home/jovyan/slowfast/data/RWF2000/Fight/F_545.avi,0
/home/jovyan/slowfast/data/RWF2000/NoFight/NF_442.avi,1
/home/jovyan/slowfast/data/RWF2000/NoFight/NF_598.avi,1
/home/jovyan/slowfast/data/RWF2000/Fight/F_68.avi,0
/home/jovyan/slowfast/data/RWF2000/NoFight/NF_613.avi,1
/home/jovyan/slowfast/data/RWF2000/NoFight/NF_133.avi,1
/home/jovyan/slowfast/data/RWF2000/NoFight/NF_807.avi,1
/home/jovyan/slowfast/data/RWF2000/NoFight/NF_178.avi,1
/home/jovyan/slowfast/data/RWF2000/NoFight/NF_480.avi,1
/home/jovyan/slowfast/data/RWF2000/NoFight/NF_490.avi,1
/home/jovyan/slowfast/data/RWF2000/NoFight/NF_525.avi,1
/home/jovyan/slowfast/data/RWF2000/Fight/F_671.avi,0
/home/jovyan/slowfast/data/RWF2000/Fight/F_14.avi,0
/home/jovyan/slowfast/data/RWF2000/Fight/F_680.avi,0
/home/jovyan/slowfast/data/RWF2000/Fight/F_549.avi,0
/home/jovyan/slowfast/data/RWF2000/NoFight/NF_191.avi,1
/home/jovyan/slowfast/data/RWF2000/Fight/F_663.avi,0
/home/jovyan/slowfast/data/RWF2000/NoFight/NF_710.avi,1
/home/jovyan/slowfast/data/RWF2000/NoFight/NF_752.avi,1
/home/jovyan/slowfast/data/RWF2000/NoFight/NF_540.avi,1
/home/jovyan/slowfast/data/RWF2000/Fight/F_779.avi,0
/home/jovyan/slowfast/data/RWF2000/Fight/F_128.avi,0
/home/jovyan/slowfast/data/RWF2000/Fight/F_636.avi,0
/home/jovyan/slowfast/data/RWF2000/NoFight/NF_536.avi,1
/home/jovyan/slowfast/data/RWF2000/Fight/F_16.avi,0
/home/jovyan/slowfast/data/RWF2000/NoFight/NF_230.avi,1
/home/jovyan/slowfast/data/RWF2000/NoFight/NF_458.avi,1
/home/jovyan/slowfast/data/RWF2000/Fight/F_695.avi,0
/home/jovyan/slowfast/data/RWF2000/NoFight/NF_569.avi,1
/home/jovyan/slowfast/data/RWF2000/Fight/F_195.avi,0
/home/jovyan/slowfast/data/RWF2000/NoFight/NF_215.avi,1
/home/jovyan/slowfast/data/RWF2000/NoFight/NF_42.avi,1
/home/jovyan/slowfast/data/RWF2000/NoFight/NF_448.avi,1
/home/jovyan/slowfast/data/RWF2000/NoFight/NF_809.avi,1
/home/jovyan/slowfast/data/RWF2000/NoFight/NF_576.avi,1
/home/jovyan/slowfast/data/RWF2000/NoFight/NF_102.avi,1
/home/jovyan/slowfast/data/RWF2000/Fight/F_745.avi,0
/home/jovyan/slowfast/data/RWF2000/NoFight/NF_526.avi,1
/home/jovyan/slowfast/data/RWF2000/Fight/F_126.avi,0
/home/jovyan/slowfast/data/RWF2000/Fight/F_481.avi,0
/home/jovyan/slowfast/data/RWF2000/Fight/F_116.avi,0
/home/jovyan/slowfast/data/RWF2000/Fight/F_765.avi,0
/home/jovyan/slowfast/data/RWF2000/NoFight/NF_629.avi,1
/home/jovyan/slowfast/data/RWF2000/NoFight/NF_761.avi,1
/home/jovyan/slowfast/data/RWF2000/NoFight/NF_128.avi,1
/home/jovyan/slowfast/data/RWF2000/Fight/F_176.avi,0
/home/jovyan/slowfast/data/RWF2000/Fight/F_180.avi,0
/home/jovyan/slowfast/data/RWF2000/NoFight/NF_182.avi,1
/home/jovyan/slowfast/data/RWF2000/NoFight/NF_802.avi,1
/home/jovyan/slowfast/data/RWF2000/NoFight/NF_197.avi,1
/home/jovyan/slowfast/data/RWF2000/NoFight/NF_489.avi,1
/home/jovyan/slowfast/data/RWF2000/Fight/F_405.avi,0
/home/jovyan/slowfast/data/RWF2000/NoFight/NF_783.avi,1
/home/jovyan/slowfast/data/RWF2000/NoFight/NF_616.avi,1
/home/jovyan/slowfast/data/RWF2000/Fight/F_815.avi,0
/home/jovyan/slowfast/data/RWF2000/NoFight/NF_770.avi,1
/home/jovyan/slowfast/data/RWF2000/Fight/F_20.avi,0
/home/jovyan/slowfast/data/RWF2000/Fight/F_181.avi,0
/home/jovyan/slowfast/data/RWF2000/Fight/F_538.avi,0
/home/jovyan/slowfast/data/RWF2000/NoFight/NF_155.avi,1
/home/jovyan/slowfast/data/RWF2000/Fight/F_218.avi,0
/home/jovyan/slowfast/data/RWF2000/NoFight/NF_167.avi,1
/home/jovyan/slowfast/data/RWF2000/NoFight/NF_520.avi,1
/home/jovyan/slowfast/data/RWF2000/NoFight/NF_496.avi,1
/home/jovyan/slowfast/data/RWF2000/Fight/F_499.avi,0
/home/jovyan/slowfast/data/RWF2000/Fight/F_18.avi,0
/home/jovyan/slowfast/data/RWF2000/Fight/F_487.avi,0
/home/jovyan/slowfast/data/RWF2000/Fight/F_586.avi,0
/home/jovyan/slowfast/data/RWF2000/Fight/F_61.avi,0
/home/jovyan/slowfast/data/RWF2000/Fight/F_541.avi,0
/home/jovyan/slowfast/data/RWF2000/NoFight/NF_769.avi,1
/home/jovyan/slowfast/data/RWF2000/Fight/F_583.avi,0
/home/jovyan/slowfast/data/RWF2000/NoFight/NF_160.avi,1
/home/jovyan/slowfast/data/RWF2000/NoFight/NF_488.avi,1
/home/jovyan/slowfast/data/RWF2000/Fight/F_463.avi,0
/home/jovyan/slowfast/data/RWF2000/NoFight/NF_403.avi,1
/home/jovyan/slowfast/data/RWF2000/Fight/F_748.avi,0
/home/jovyan/slowfast/data/RWF2000/Fight/F_478.avi,0
/home/jovyan/slowfast/data/RWF2000/Fight/F_612.avi,0
/home/jovyan/slowfast/data/RWF2000/NoFight/NF_459.avi,1
/home/jovyan/slowfast/data/RWF2000/NoFight/NF_680.avi,1
/home/jovyan/slowfast/data/RWF2000/NoFight/NF_550.avi,1
/home/jovyan/slowfast/data/RWF2000/NoFight/NF_494.avi,1
/home/jovyan/slowfast/data/RWF2000/Fight/F_754.avi,0
/home/jovyan/slowfast/data/RWF2000/NoFight/NF_419.avi,1
/home/jovyan/slowfast/data/RWF2000/Fight/F_51.avi,0
/home/jovyan/slowfast/data/RWF2000/Fight/F_103.avi,0
/home/jovyan/slowfast/data/RWF2000/Fight/F_530.avi,0
/home/jovyan/slowfast/data/RWF2000/Fight/F_818.avi,0
/home/jovyan/slowfast/data/RWF2000/Fight/F_603.avi,0
/home/jovyan/slowfast/data/RWF2000/NoFight/NF_10.avi,1
/home/jovyan/slowfast/data/RWF2000/Fight/F_220.avi,0
/home/jovyan/slowfast/data/RWF2000/Fight/F_769.avi,0
/home/jovyan/slowfast/data/RWF2000/NoFight/NF_523.avi,1
/home/jovyan/slowfast/data/RWF2000/Fight/F_526.avi,0
/home/jovyan/slowfast/data/RWF2000/NoFight/NF_539.avi,1
/home/jovyan/slowfast/data/RWF2000/NoFight/NF_449.avi,1
/home/jovyan/slowfast/data/RWF2000/NoFight/NF_465.avi,1
/home/jovyan/slowfast/data/RWF2000/Fight/F_4.avi,0
/home/jovyan/slowfast/data/RWF2000/NoFight/NF_690.avi,1
/home/jovyan/slowfast/data/RWF2000/Fight/F_497.avi,0
/home/jovyan/slowfast/data/RWF2000/NoFight/NF_39.avi,1
/home/jovyan/slowfast/data/RWF2000/NoFight/NF_56.avi,1
/home/jovyan/slowfast/data/RWF2000/Fight/F_686.avi,0
/home/jovyan/slowfast/data/RWF2000/NoFight/NF_158.avi,1
/home/jovyan/slowfast/data/RWF2000/NoFight/NF_136.avi,1
/home/jovyan/slowfast/data/RWF2000/Fight/F_693.avi,0
/home/jovyan/slowfast/data/RWF2000/Fight/F_226.avi,0
/home/jovyan/slowfast/data/RWF2000/Fight/F_15.avi,0
/home/jovyan/slowfast/data/RWF2000/Fight/F_159.avi,0
/home/jovyan/slowfast/data/RWF2000/NoFight/NF_58.avi,1
/home/jovyan/slowfast/data/RWF2000/Fight/F_108.avi,0
/home/jovyan/slowfast/data/RWF2000/Fight/F_784.avi,0
/home/jovyan/slowfast/data/RWF2000/Fight/F_465.avi,0
/home/jovyan/slowfast/data/RWF2000/NoFight/NF_606.avi,1
/home/jovyan/slowfast/data/RWF2000/Fight/F_718.avi,0
/home/jovyan/slowfast/data/RWF2000/NoFight/NF_754.avi,1
/home/jovyan/slowfast/data/RWF2000/Fight/F_237.avi,0
/home/jovyan/slowfast/data/RWF2000/NoFight/NF_11.avi,1
/home/jovyan/slowfast/data/RWF2000/NoFight/NF_739.avi,1
/home/jovyan/slowfast/data/RWF2000/Fight/F_688.avi,0
/home/jovyan/slowfast/data/RWF2000/NoFight/NF_20.avi,1
/home/jovyan/slowfast/data/RWF2000/NoFight/NF_460.avi,1
/home/jovyan/slowfast/data/RWF2000/Fight/F_753.avi,0
/home/jovyan/slowfast/data/RWF2000/NoFight/NF_204.avi,1
/home/jovyan/slowfast/data/RWF2000/Fight/F_756.avi,0
/home/jovyan/slowfast/data/RWF2000/Fight/F_572.avi,0
/home/jovyan/slowfast/data/RWF2000/Fight/F_64.avi,0
/home/jovyan/slowfast/data/RWF2000/NoFight/NF_627.avi,1
/home/jovyan/slowfast/data/RWF2000/Fight/F_580.avi,0
/home/jovyan/slowfast/data/RWF2000/Fight/F_619.avi,0
/home/jovyan/slowfast/data/RWF2000/Fight/F_578.avi,0
/home/jovyan/slowfast/data/RWF2000/NoFight/NF_503.avi,1
/home/jovyan/slowfast/data/RWF2000/NoFight/NF_722.avi,1
/home/jovyan/slowfast/data/RWF2000/NoFight/NF_657.avi,1
/home/jovyan/slowfast/data/RWF2000/Fight/F_48.avi,0
/home/jovyan/slowfast/data/RWF2000/NoFight/NF_623.avi,1
/home/jovyan/slowfast/data/RWF2000/NoFight/NF_617.avi,1
/home/jovyan/slowfast/data/RWF2000/NoFight/NF_221.avi,1
/home/jovyan/slowfast/data/RWF2000/Fight/F_571.avi,0
/home/jovyan/slowfast/data/RWF2000/Fight/F_395.avi,0
/home/jovyan/slowfast/data/RWF2000/Fight/F_807.avi,0
/home/jovyan/slowfast/data/RWF2000/NoFight/NF_818.avi,1
/home/jovyan/slowfast/data/RWF2000/NoFight/NF_223.avi,1
/home/jovyan/slowfast/data/RWF2000/NoFight/NF_456.avi,1
/home/jovyan/slowfast/data/RWF2000/Fight/F_528.avi,0
/home/jovyan/slowfast/data/RWF2000/NoFight/NF_106.avi,1
/home/jovyan/slowfast/data/RWF2000/Fight/F_110.avi,0
/home/jovyan/slowfast/data/RWF2000/NoFight/NF_110.avi,1
/home/jovyan/slowfast/data/RWF2000/Fight/F_557.avi,0
/home/jovyan/slowfast/data/RWF2000/Fight/F_77.avi,0
/home/jovyan/slowfast/data/RWF2000/Fight/F_397.avi,0
/home/jovyan/slowfast/data/RWF2000/NoFight/NF_513.avi,1
/home/jovyan/slowfast/data/RWF2000/Fight/F_121.avi,0
/home/jovyan/slowfast/data/RWF2000/NoFight/NF_681.avi,1
/home/jovyan/slowfast/data/RWF2000/Fight/F_442.avi,0
/home/jovyan/slowfast/data/RWF2000/Fight/F_517.avi,0
/home/jovyan/slowfast/data/RWF2000/Fight/F_1.avi,0
/home/jovyan/slowfast/data/RWF2000/Fight/F_127.avi,0
/home/jovyan/slowfast/data/RWF2000/Fight/F_47.avi,0
/home/jovyan/slowfast/data/RWF2000/NoFight/NF_620.avi,1
/home/jovyan/slowfast/data/RWF2000/NoFight/NF_508.avi,1
/home/jovyan/slowfast/data/RWF2000/Fight/F_708.avi,0
/home/jovyan/slowfast/data/RWF2000/NoFight/NF_445.avi,1
/home/jovyan/slowfast/data/RWF2000/Fight/F_518.avi,0
/home/jovyan/slowfast/data/RWF2000/NoFight/NF_765.avi,1
/home/jovyan/slowfast/data/RWF2000/Fight/F_200.avi,0
/home/jovyan/slowfast/data/RWF2000/NoFight/NF_234.avi,1
/home/jovyan/slowfast/data/RWF2000/Fight/F_141.avi,0
/home/jovyan/slowfast/data/RWF2000/Fight/F_440.avi,0
/home/jovyan/slowfast/data/RWF2000/Fight/F_457.avi,0
/home/jovyan/slowfast/data/RWF2000/NoFight/NF_216.avi,1
/home/jovyan/slowfast/data/RWF2000/NoFight/NF_719.avi,1
/home/jovyan/slowfast/data/RWF2000/Fight/F_660.avi,0
/home/jovyan/slowfast/data/RWF2000/Fight/F_553.avi,0
/home/jovyan/slowfast/data/RWF2000/Fight/F_776.avi,0
/home/jovyan/slowfast/data/RWF2000/NoFight/NF_711.avi,1
/home/jovyan/slowfast/data/RWF2000/Fight/F_803.avi,0
/home/jovyan/slowfast/data/RWF2000/NoFight/NF_732.avi,1
/home/jovyan/slowfast/data/RWF2000/NoFight/NF_543.avi,1
/home/jovyan/slowfast/data/RWF2000/NoFight/NF_222.avi,1
/home/jovyan/slowfast/data/RWF2000/Fight/F_399.avi,0
/home/jovyan/slowfast/data/RWF2000/NoFight/NF_515.avi,1
/home/jovyan/slowfast/data/RWF2000/Fight/F_453.avi,0
/home/jovyan/slowfast/data/RWF2000/NoFight/NF_65.avi,1
/home/jovyan/slowfast/data/RWF2000/Fight/F_716.avi,0
/home/jovyan/slowfast/data/RWF2000/NoFight/NF_733.avi,1
/home/jovyan/slowfast/data/RWF2000/NoFight/NF_646.avi,1
/home/jovyan/slowfast/data/RWF2000/NoFight/NF_483.avi,1
/home/jovyan/slowfast/data/RWF2000/NoFight/NF_137.avi,1
/home/jovyan/slowfast/data/RWF2000/NoFight/NF_787.avi,1
/home/jovyan/slowfast/data/RWF2000/NoFight/NF_815.avi,1
/home/jovyan/slowfast/data/RWF2000/NoFight/NF_522.avi,1
/home/jovyan/slowfast/data/RWF2000/NoFight/NF_119.avi,1
/home/jovyan/slowfast/data/RWF2000/Fight/F_73.avi,0
/home/jovyan/slowfast/data/RWF2000/Fight/F_145.avi,0
/home/jovyan/slowfast/data/RWF2000/NoFight/NF_695.avi,1
/home/jovyan/slowfast/data/RWF2000/NoFight/NF_649.avi,1
/home/jovyan/slowfast/data/RWF2000/Fight/F_506.avi,0
/home/jovyan/slowfast/data/RWF2000/Fight/F_674.avi,0
/home/jovyan/slowfast/data/RWF2000/Fight/F_124.avi,0
/home/jovyan/slowfast/data/RWF2000/NoFight/NF_118.avi,1
/home/jovyan/slowfast/data/RWF2000/Fight/F_184.avi,0
/home/jovyan/slowfast/data/RWF2000/NoFight/NF_5.avi,1
/home/jovyan/slowfast/data/RWF2000/NoFight/NF_193.avi,1
/home/jovyan/slowfast/data/RWF2000/NoFight/NF_22.avi,1
/home/jovyan/slowfast/data/RWF2000/NoFight/NF_788.avi,1
/home/jovyan/slowfast/data/RWF2000/Fight/F_38.avi,0
/home/jovyan/slowfast/data/RWF2000/Fight/F_152.avi,0
/home/jovyan/slowfast/data/RWF2000/NoFight/NF_157.avi,1
/home/jovyan/slowfast/data/RWF2000/Fight/F_678.avi,0
/home/jovyan/slowfast/data/RWF2000/Fight/F_122.avi,0
/home/jovyan/slowfast/data/RWF2000/NoFight/NF_420.avi,1
/home/jovyan/slowfast/data/RWF2000/Fight/F_798.avi,0
/home/jovyan/slowfast/data/RWF2000/Fight/F_140.avi,0
/home/jovyan/slowfast/data/RWF2000/NoFight/NF_538.avi,1
/home/jovyan/slowfast/data/RWF2000/Fight/F_117.avi,0
/home/jovyan/slowfast/data/RWF2000/Fight/F_631.avi,0
/home/jovyan/slowfast/data/RWF2000/NoFight/NF_675.avi,1
/home/jovyan/slowfast/data/RWF2000/Fight/F_74.avi,0
/home/jovyan/slowfast/data/RWF2000/NoFight/NF_740.avi,1
/home/jovyan/slowfast/data/RWF2000/NoFight/NF_220.avi,1
/home/jovyan/slowfast/data/RWF2000/Fight/F_78.avi,0
/home/jovyan/slowfast/data/RWF2000/NoFight/NF_751.avi,1
/home/jovyan/slowfast/data/RWF2000/Fight/F_689.avi,0
/home/jovyan/slowfast/data/RWF2000/NoFight/NF_203.avi,1
/home/jovyan/slowfast/data/RWF2000/Fight/F_167.avi,0
/home/jovyan/slowfast/data/RWF2000/NoFight/NF_774.avi,1
/home/jovyan/slowfast/data/RWF2000/NoFight/NF_476.avi,1
/home/jovyan/slowfast/data/RWF2000/NoFight/NF_477.avi,1
/home/jovyan/slowfast/data/RWF2000/NoFight/NF_117.avi,1
/home/jovyan/slowfast/data/RWF2000/NoFight/NF_589.avi,1
/home/jovyan/slowfast/data/RWF2000/NoFight/NF_704.avi,1
/home/jovyan/slowfast/data/RWF2000/Fight/F_504.avi,0
/home/jovyan/slowfast/data/RWF2000/NoFight/NF_121.avi,1
/home/jovyan/slowfast/data/RWF2000/Fight/F_582.avi,0
/home/jovyan/slowfast/data/RWF2000/Fight/F_182.avi,0
/home/jovyan/slowfast/data/RWF2000/Fight/F_805.avi,0
/home/jovyan/slowfast/data/RWF2000/Fight/F_725.avi,0
/home/jovyan/slowfast/data/RWF2000/Fight/F_441.avi,0
/home/jovyan/slowfast/data/RWF2000/NoFight/NF_390.avi,1
/home/jovyan/slowfast/data/RWF2000/NoFight/NF_114.avi,1
/home/jovyan/slowfast/data/RWF2000/NoFight/NF_224.avi,1
/home/jovyan/slowfast/data/RWF2000/Fight/F_81.avi,0
/home/jovyan/slowfast/data/RWF2000/Fight/F_467.avi,0
/home/jovyan/slowfast/data/RWF2000/Fight/F_811.avi,0
/home/jovyan/slowfast/data/RWF2000/NoFight/NF_684.avi,1
/home/jovyan/slowfast/data/RWF2000/Fight/F_655.avi,0
/home/jovyan/slowfast/data/RWF2000/Fight/F_411.avi,0
/home/jovyan/slowfast/data/RWF2000/Fight/F_158.avi,0
/home/jovyan/slowfast/data/RWF2000/NoFight/NF_425.avi,1
/home/jovyan/slowfast/data/RWF2000/NoFight/NF_625.avi,1
/home/jovyan/slowfast/data/RWF2000/Fight/F_810.avi,0
/home/jovyan/slowfast/data/RWF2000/NoFight/NF_439.avi,1
/home/jovyan/slowfast/data/RWF2000/Fight/F_535.avi,0
/home/jovyan/slowfast/data/RWF2000/Fight/F_523.avi,0
/home/jovyan/slowfast/data/RWF2000/NoFight/NF_451.avi,1
/home/jovyan/slowfast/data/RWF2000/Fight/F_546.avi,0
/home/jovyan/slowfast/data/RWF2000/Fight/F_570.avi,0
/home/jovyan/slowfast/data/RWF2000/Fight/F_199.avi,0
/home/jovyan/slowfast/data/RWF2000/NoFight/NF_205.avi,1
/home/jovyan/slowfast/data/RWF2000/NoFight/NF_49.avi,1
/home/jovyan/slowfast/data/RWF2000/Fight/F_1000.avi,0
/home/jovyan/slowfast/data/RWF2000/NoFight/NF_111.avi,1
/home/jovyan/slowfast/data/RWF2000/NoFight/NF_726.avi,1
/home/jovyan/slowfast/data/RWF2000/Fight/F_763.avi,0
/home/jovyan/slowfast/data/RWF2000/Fight/F_808.avi,0
/home/jovyan/slowfast/data/RWF2000/Fight/F_778.avi,0
/home/jovyan/slowfast/data/RWF2000/NoFight/NF_180.avi,1
/home/jovyan/slowfast/data/RWF2000/Fight/F_227.avi,0
/home/jovyan/slowfast/data/RWF2000/NoFight/NF_614.avi,1
/home/jovyan/slowfast/data/RWF2000/Fight/F_697.avi,0
/home/jovyan/slowfast/data/RWF2000/Fight/F_232.avi,0
/home/jovyan/slowfast/data/RWF2000/NoFight/NF_694.avi,1
/home/jovyan/slowfast/data/RWF2000/NoFight/NF_101.avi,1
/home/jovyan/slowfast/data/RWF2000/Fight/F_573.avi,0
/home/jovyan/slowfast/data/RWF2000/Fight/F_206.avi,0
/home/jovyan/slowfast/data/RWF2000/NoFight/NF_407.avi,1
/home/jovyan/slowfast/data/RWF2000/NoFight/NF_604.avi,1
/home/jovyan/slowfast/data/RWF2000/Fight/F_63.avi,0
/home/jovyan/slowfast/data/RWF2000/NoFight/NF_799.avi,1
/home/jovyan/slowfast/data/RWF2000/Fight/F_584.avi,0
/home/jovyan/slowfast/data/RWF2000/Fight/F_409.avi,0
/home/jovyan/slowfast/data/RWF2000/Fight/F_391.avi,0
/home/jovyan/slowfast/data/RWF2000/Fight/F_416.avi,0
/home/jovyan/slowfast/data/RWF2000/Fight/F_635.avi,0
/home/jovyan/slowfast/data/RWF2000/Fight/F_709.avi,0
/home/jovyan/slowfast/data/RWF2000/NoFight/NF_226.avi,1
/home/jovyan/slowfast/data/RWF2000/Fight/F_702.avi,0
/home/jovyan/slowfast/data/RWF2000/Fight/F_205.avi,0
/home/jovyan/slowfast/data/RWF2000/Fight/F_576.avi,0
/home/jovyan/slowfast/data/RWF2000/Fight/F_537.avi,0
/home/jovyan/slowfast/data/RWF2000/Fight/F_566.avi,0
/home/jovyan/slowfast/data/RWF2000/Fight/F_241.avi,0
/home/jovyan/slowfast/data/RWF2000/NoFight/NF_239.avi,1
/home/jovyan/slowfast/data/RWF2000/NoFight/NF_55.avi,1
/home/jovyan/slowfast/data/RWF2000/Fight/F_681.avi,0
/home/jovyan/slowfast/data/RWF2000/NoFight/NF_76.avi,1
/home/jovyan/slowfast/data/RWF2000/NoFight/NF_640.avi,1
/home/jovyan/slowfast/data/RWF2000/NoFight/NF_185.avi,1
/home/jovyan/slowfast/data/RWF2000/Fight/F_634.avi,0
/home/jovyan/slowfast/data/RWF2000/NoFight/NF_63.avi,1
/home/jovyan/slowfast/data/RWF2000/NoFight/NF_168.avi,1
/home/jovyan/slowfast/data/RWF2000/Fight/F_462.avi,0
/home/jovyan/slowfast/data/RWF2000/Fight/F_17.avi,0
/home/jovyan/slowfast/data/RWF2000/NoFight/NF_54.avi,1
/home/jovyan/slowfast/data/RWF2000/NoFight/NF_756.avi,1
/home/jovyan/slowfast/data/RWF2000/Fight/F_658.avi,0
/home/jovyan/slowfast/data/RWF2000/Fight/F_791.avi,0
/home/jovyan/slowfast/data/RWF2000/Fight/F_412.avi,0
/home/jovyan/slowfast/data/RWF2000/NoFight/NF_579.avi,1
/home/jovyan/slowfast/data/RWF2000/Fight/F_799.avi,0
/home/jovyan/slowfast/data/RWF2000/NoFight/NF_728.avi,1
/home/jovyan/slowfast/data/RWF2000/Fight/F_151.avi,0
/home/jovyan/slowfast/data/RWF2000/NoFight/NF_154.avi,1
/home/jovyan/slowfast/data/RWF2000/NoFight/NF_231.avi,1
/home/jovyan/slowfast/data/RWF2000/NoFight/NF_703.avi,1
/home/jovyan/slowfast/data/RWF2000/Fight/F_781.avi,0
/home/jovyan/slowfast/data/RWF2000/Fight/F_527.avi,0
/home/jovyan/slowfast/data/RWF2000/NoFight/NF_188.avi,1
/home/jovyan/slowfast/data/RWF2000/Fight/F_76.avi,0
/home/jovyan/slowfast/data/RWF2000/Fight/F_44.avi,0
/home/jovyan/slowfast/data/RWF2000/NoFight/NF_615.avi,1
/home/jovyan/slowfast/data/RWF2000/NoFight/NF_778.avi,1
/home/jovyan/slowfast/data/RWF2000/Fight/F_788.avi,0
/home/jovyan/slowfast/data/RWF2000/NoFight/NF_730.avi,1
/home/jovyan/slowfast/data/RWF2000/NoFight/NF_687.avi,1
/home/jovyan/slowfast/data/RWF2000/NoFight/NF_71.avi,1
/home/jovyan/slowfast/data/RWF2000/Fight/F_408.avi,0
/home/jovyan/slowfast/data/RWF2000/NoFight/NF_450.avi,1
/home/jovyan/slowfast/data/RWF2000/NoFight/NF_533.avi,1
/home/jovyan/slowfast/data/RWF2000/NoFight/NF_143.avi,1
/home/jovyan/slowfast/data/RWF2000/NoFight/NF_660.avi,1
/home/jovyan/slowfast/data/RWF2000/NoFight/NF_608.avi,1
/home/jovyan/slowfast/data/RWF2000/Fight/F_189.avi,0
/home/jovyan/slowfast/data/RWF2000/Fight/F_413.avi,0
/home/jovyan/slowfast/data/RWF2000/Fight/F_780.avi,0
/home/jovyan/slowfast/data/RWF2000/Fight/F_630.avi,0
/home/jovyan/slowfast/data/RWF2000/NoFight/NF_506.avi,1
/home/jovyan/slowfast/data/RWF2000/Fight/F_521.avi,0
/home/jovyan/slowfast/data/RWF2000/NoFight/NF_659.avi,1
/home/jovyan/slowfast/data/RWF2000/NoFight/NF_509.avi,1
/home/jovyan/slowfast/data/RWF2000/Fight/F_390.avi,0
/home/jovyan/slowfast/data/RWF2000/NoFight/NF_141.avi,1
/home/jovyan/slowfast/data/RWF2000/NoFight/NF_555.avi,1
/home/jovyan/slowfast/data/RWF2000/Fight/F_561.avi,0
/home/jovyan/slowfast/data/RWF2000/NoFight/NF_679.avi,1
/home/jovyan/slowfast/data/RWF2000/Fight/F_746.avi,0
/home/jovyan/slowfast/data/RWF2000/NoFight/NF_132.avi,1
/home/jovyan/slowfast/data/RWF2000/Fight/F_731.avi,0
/home/jovyan/slowfast/data/RWF2000/NoFight/NF_207.avi,1
/home/jovyan/slowfast/data/RWF2000/NoFight/NF_400.avi,1
/home/jovyan/slowfast/data/RWF2000/NoFight/NF_398.avi,1
/home/jovyan/slowfast/data/RWF2000/Fight/F_107.avi,0
/home/jovyan/slowfast/data/RWF2000/NoFight/NF_148.avi,1
/home/jovyan/slowfast/data/RWF2000/NoFight/NF_414.avi,1
/home/jovyan/slowfast/data/RWF2000/Fight/F_519.avi,0
/home/jovyan/slowfast/data/RWF2000/NoFight/NF_177.avi,1
/home/jovyan/slowfast/data/RWF2000/Fight/F_474.avi,0
/home/jovyan/slowfast/data/RWF2000/Fight/F_666.avi,0
/home/jovyan/slowfast/data/RWF2000/Fight/F_203.avi,0
/home/jovyan/slowfast/data/RWF2000/NoFight/NF_455.avi,1
/home/jovyan/slowfast/data/RWF2000/NoFight/NF_677.avi,1
/home/jovyan/slowfast/data/RWF2000/Fight/F_482.avi,0
/home/jovyan/slowfast/data/RWF2000/NoFight/NF_581.avi,1
/home/jovyan/slowfast/data/RWF2000/Fight/F_664.avi,0
/home/jovyan/slowfast/data/RWF2000/Fight/F_728.avi,0
/home/jovyan/slowfast/data/RWF2000/Fight/F_132.avi,0
/home/jovyan/slowfast/data/RWF2000/NoFight/NF_571.avi,1
/home/jovyan/slowfast/data/RWF2000/NoFight/NF_602.avi,1
/home/jovyan/slowfast/data/RWF2000/Fight/F_652.avi,0
/home/jovyan/slowfast/data/RWF2000/NoFight/NF_140.avi,1
/home/jovyan/slowfast/data/RWF2000/Fight/F_588.avi,0
/home/jovyan/slowfast/data/RWF2000/NoFight/NF_811.avi,1
/home/jovyan/slowfast/data/RWF2000/Fight/F_100.avi,0
/home/jovyan/slowfast/data/RWF2000/NoFight/NF_562.avi,1
/home/jovyan/slowfast/data/RWF2000/NoFight/NF_464.avi,1
/home/jovyan/slowfast/data/RWF2000/Fight/F_493.avi,0
/home/jovyan/slowfast/data/RWF2000/NoFight/NF_738.avi,1
/home/jovyan/slowfast/data/RWF2000/Fight/F_627.avi,0
/home/jovyan/slowfast/data/RWF2000/Fight/F_403.avi,0
/home/jovyan/slowfast/data/RWF2000/Fight/F_201.avi,0
/home/jovyan/slowfast/data/RWF2000/Fight/F_579.avi,0
/home/jovyan/slowfast/data/RWF2000/Fight/F_52.avi,0
/home/jovyan/slowfast/data/RWF2000/Fight/F_210.avi,0
/home/jovyan/slowfast/data/RWF2000/Fight/F_194.avi,0
/home/jovyan/slowfast/data/RWF2000/Fight/F_515.avi,0
/home/jovyan/slowfast/data/RWF2000/Fight/F_104.avi,0
/home/jovyan/slowfast/data/RWF2000/NoFight/NF_470.avi,1
/home/jovyan/slowfast/data/RWF2000/NoFight/NF_806.avi,1
/home/jovyan/slowfast/data/RWF2000/NoFight/NF_591.avi,1
/home/jovyan/slowfast/data/RWF2000/NoFight/NF_424.avi,1
/home/jovyan/slowfast/data/RWF2000/NoFight/NF_462.avi,1
/home/jovyan/slowfast/data/RWF2000/NoFight/NF_210.avi,1
/home/jovyan/slowfast/data/RWF2000/NoFight/NF_491.avi,1
/home/jovyan/slowfast/data/RWF2000/NoFight/NF_145.avi,1
/home/jovyan/slowfast/data/RWF2000/Fight/F_520.avi,0
/home/jovyan/slowfast/data/RWF2000/Fight/F_729.avi,0
/home/jovyan/slowfast/data/RWF2000/Fight/F_591.avi,0
/home/jovyan/slowfast/data/RWF2000/NoFight/NF_479.avi,1
/home/jovyan/slowfast/data/RWF2000/NoFight/NF_782.avi,1
/home/jovyan/slowfast/data/RWF2000/NoFight/NF_147.avi,1
/home/jovyan/slowfast/data/RWF2000/NoFight/NF_697.avi,1
/home/jovyan/slowfast/data/RWF2000/NoFight/NF_516.avi,1
/home/jovyan/slowfast/data/RWF2000/NoFight/NF_530.avi,1
/home/jovyan/slowfast/data/RWF2000/NoFight/NF_817.avi,1
/home/jovyan/slowfast/data/RWF2000/NoFight/NF_415.avi,1
/home/jovyan/slowfast/data/RWF2000/NoFight/NF_433.avi,1
/home/jovyan/slowfast/data/RWF2000/NoFight/NF_225.avi,1
/home/jovyan/slowfast/data/RWF2000/NoFight/NF_577.avi,1
/home/jovyan/slowfast/data/RWF2000/NoFight/NF_810.avi,1
/home/jovyan/slowfast/data/RWF2000/Fight/F_777.avi,0
/home/jovyan/slowfast/data/RWF2000/NoFight/NF_172.avi,1
/home/jovyan/slowfast/data/RWF2000/NoFight/NF_696.avi,1
/home/jovyan/slowfast/data/RWF2000/NoFight/NF_69.avi,1
/home/jovyan/slowfast/data/RWF2000/NoFight/NF_453.avi,1
/home/jovyan/slowfast/data/RWF2000/NoFight/NF_124.avi,1
/home/jovyan/slowfast/data/RWF2000/NoFight/NF_190.avi,1
/home/jovyan/slowfast/data/RWF2000/Fight/F_242.avi,0
/home/jovyan/slowfast/data/RWF2000/Fight/F_723.avi,0
/home/jovyan/slowfast/data/RWF2000/Fight/F_415.avi,0
/home/jovyan/slowfast/data/RWF2000/NoFight/NF_741.avi,1
/home/jovyan/slowfast/data/RWF2000/Fight/F_202.avi,0
/home/jovyan/slowfast/data/RWF2000/NoFight/NF_560.avi,1
/home/jovyan/slowfast/data/RWF2000/NoFight/NF_512.avi,1
/home/jovyan/slowfast/data/RWF2000/Fight/F_744.avi,0
/home/jovyan/slowfast/data/RWF2000/NoFight/NF_444.avi,1
/home/jovyan/slowfast/data/RWF2000/NoFight/NF_447.avi,1
/home/jovyan/slowfast/data/RWF2000/NoFight/NF_127.avi,1
/home/jovyan/slowfast/data/RWF2000/Fight/F_785.avi,0
/home/jovyan/slowfast/data/RWF2000/NoFight/NF_546.avi,1
/home/jovyan/slowfast/data/RWF2000/Fight/F_768.avi,0
/home/jovyan/slowfast/data/RWF2000/Fight/F_150.avi,0
/home/jovyan/slowfast/data/RWF2000/NoFight/NF_409.avi,1
/home/jovyan/slowfast/data/RWF2000/NoFight/NF_77.avi,1
/home/jovyan/slowfast/data/RWF2000/NoFight/NF_482.avi,1
/home/jovyan/slowfast/data/RWF2000/Fight/F_540.avi,0
/home/jovyan/slowfast/data/RWF2000/NoFight/NF_484.avi,1
/home/jovyan/slowfast/data/RWF2000/NoFight/NF_417.avi,1
/home/jovyan/slowfast/data/RWF2000/Fight/F_694.avi,0
/home/jovyan/slowfast/data/RWF2000/Fight/F_532.avi,0
/home/jovyan/slowfast/data/RWF2000/NoFight/NF_720.avi,1
/home/jovyan/slowfast/data/RWF2000/NoFight/NF_532.avi,1
/home/jovyan/slowfast/data/RWF2000/NoFight/NF_115.avi,1
/home/jovyan/slowfast/data/RWF2000/Fight/F_177.avi,0
/home/jovyan/slowfast/data/RWF2000/NoFight/NF_1.avi,1
/home/jovyan/slowfast/data/RWF2000/Fight/F_812.avi,0
/home/jovyan/slowfast/data/RWF2000/Fight/F_23.avi,0
/home/jovyan/slowfast/data/RWF2000/Fight/F_436.avi,0
/home/jovyan/slowfast/data/RWF2000/Fight/F_770.avi,0
/home/jovyan/slowfast/data/RWF2000/Fight/F_533.avi,0
/home/jovyan/slowfast/data/RWF2000/NoFight/NF_15.avi,1
/home/jovyan/slowfast/data/RWF2000/Fight/F_617.avi,0
/home/jovyan/slowfast/data/RWF2000/Fight/F_475.avi,0
/home/jovyan/slowfast/data/RWF2000/Fight/F_670.avi,0
/home/jovyan/slowfast/data/RWF2000/NoFight/NF_125.avi,1
/home/jovyan/slowfast/data/RWF2000/NoFight/NF_72.avi,1
/home/jovyan/slowfast/data/RWF2000/NoFight/NF_467.avi,1
/home/jovyan/slowfast/data/RWF2000/NoFight/NF_670.avi,1
/home/jovyan/slowfast/data/RWF2000/NoFight/NF_469.avi,1
/home/jovyan/slowfast/data/RWF2000/Fight/F_616.avi,0
/home/jovyan/slowfast/data/RWF2000/Fight/F_554.avi,0
/home/jovyan/slowfast/data/RWF2000/NoFight/NF_641.avi,1
/home/jovyan/slowfast/data/RWF2000/Fight/F_673.avi,0
/home/jovyan/slowfast/data/RWF2000/Fight/F_49.avi,0
/home/jovyan/slowfast/data/RWF2000/Fight/F_794.avi,0
/home/jovyan/slowfast/data/RWF2000/Fight/F_46.avi,0
/home/jovyan/slowfast/data/RWF2000/Fight/F_455.avi,0
/home/jovyan/slowfast/data/RWF2000/NoFight/NF_507.avi,1
/home/jovyan/slowfast/data/RWF2000/Fight/F_793.avi,0
/home/jovyan/slowfast/data/RWF2000/Fight/F_626.avi,0
/home/jovyan/slowfast/data/RWF2000/Fight/F_471.avi,0
/home/jovyan/slowfast/data/RWF2000/NoFight/NF_745.avi,1
/home/jovyan/slowfast/data/RWF2000/Fight/F_483.avi,0
/home/jovyan/slowfast/data/RWF2000/Fight/F_564.avi,0
/home/jovyan/slowfast/data/RWF2000/NoFight/NF_527.avi,1
/home/jovyan/slowfast/data/RWF2000/Fight/F_426.avi,0
/home/jovyan/slowfast/data/RWF2000/NoFight/NF_747.avi,1
/home/jovyan/slowfast/data/RWF2000/NoFight/NF_554.avi,1
/home/jovyan/slowfast/data/RWF2000/Fight/F_160.avi,0
/home/jovyan/slowfast/data/RWF2000/NoFight/NF_638.avi,1
/home/jovyan/slowfast/data/RWF2000/Fight/F_707.avi,0
/home/jovyan/slowfast/data/RWF2000/NoFight/NF_411.avi,1
/home/jovyan/slowfast/data/RWF2000/NoFight/NF_186.avi,1
/home/jovyan/slowfast/data/RWF2000/NoFight/NF_134.avi,1
/home/jovyan/slowfast/data/RWF2000/Fight/F_65.avi,0
/home/jovyan/slowfast/data/RWF2000/Fight/F_585.avi,0
/home/jovyan/slowfast/data/RWF2000/Fight/F_143.avi,0
/home/jovyan/slowfast/data/RWF2000/Fight/F_639.avi,0
/home/jovyan/slowfast/data/RWF2000/NoFight/NF_242.avi,1
/home/jovyan/slowfast/data/RWF2000/Fight/F_813.avi,0
/home/jovyan/slowfast/data/RWF2000/Fight/F_651.avi,0
/home/jovyan/slowfast/data/RWF2000/Fight/F_129.avi,0
/home/jovyan/slowfast/data/RWF2000/NoFight/NF_672.avi,1
/home/jovyan/slowfast/data/RWF2000/Fight/F_500.avi,0
/home/jovyan/slowfast/data/RWF2000/Fight/F_41.avi,0
/home/jovyan/slowfast/data/RWF2000/NoFight/NF_529.avi,1
/home/jovyan/slowfast/data/RWF2000/Fight/F_641.avi,0
/home/jovyan/slowfast/data/RWF2000/NoFight/NF_766.avi,1
/home/jovyan/slowfast/data/RWF2000/NoFight/NF_7.avi,1
/home/jovyan/slowfast/data/RWF2000/NoFight/NF_565.avi,1
/home/jovyan/slowfast/data/RWF2000/Fight/F_698.avi,0
/home/jovyan/slowfast/data/RWF2000/Fight/F_105.avi,0
/home/jovyan/slowfast/data/RWF2000/Fight/F_738.avi,0
/home/jovyan/slowfast/data/RWF2000/Fight/F_632.avi,0
/home/jovyan/slowfast/data/RWF2000/Fight/F_216.avi,0
/home/jovyan/slowfast/data/RWF2000/NoFight/NF_558.avi,1
/home/jovyan/slowfast/data/RWF2000/Fight/F_171.avi,0
/home/jovyan/slowfast/data/RWF2000/Fight/F_488.avi,0
/home/jovyan/slowfast/data/RWF2000/NoFight/NF_68.avi,1
/home/jovyan/slowfast/data/RWF2000/Fight/F_640.avi,0
/home/jovyan/slowfast/data/RWF2000/NoFight/NF_493.avi,1
/home/jovyan/slowfast/data/RWF2000/NoFight/NF_422.avi,1
/home/jovyan/slowfast/data/RWF2000/Fight/F_198.avi,0
/home/jovyan/slowfast/data/RWF2000/NoFight/NF_791.avi,1
/home/jovyan/slowfast/data/RWF2000/Fight/F_587.avi,0
/home/jovyan/slowfast/data/RWF2000/Fight/F_155.avi,0
/home/jovyan/slowfast/data/RWF2000/Fight/F_469.avi,0
/home/jovyan/slowfast/data/RWF2000/Fight/F_461.avi,0
/home/jovyan/slowfast/data/RWF2000/Fight/F_407.avi,0
/home/jovyan/slowfast/data/RWF2000/Fight/F_133.avi,0
/home/jovyan/slowfast/data/RWF2000/NoFight/NF_104.avi,1
/home/jovyan/slowfast/data/RWF2000/Fight/F_715.avi,0
/home/jovyan/slowfast/data/RWF2000/Fight/F_10.avi,0
/home/jovyan/slowfast/data/RWF2000/Fight/F_115.avi,0
/home/jovyan/slowfast/data/RWF2000/NoFight/NF_746.avi,1
/home/jovyan/slowfast/data/RWF2000/Fight/F_219.avi,0
/home/jovyan/slowfast/data/RWF2000/Fight/F_496.avi,0
/home/jovyan/slowfast/data/RWF2000/Fight/F_56.avi,0
/home/jovyan/slowfast/data/RWF2000/Fight/F_600.avi,0
/home/jovyan/slowfast/data/RWF2000/Fight/F_747.avi,0
/home/jovyan/slowfast/data/RWF2000/NoFight/NF_592.avi,1
/home/jovyan/slowfast/data/RWF2000/Fight/F_649.avi,0
/home/jovyan/slowfast/data/RWF2000/NoFight/NF_62.avi,1
/home/jovyan/slowfast/data/RWF2000/NoFight/NF_189.avi,1
/home/jovyan/slowfast/data/RWF2000/Fight/F_736.avi,0
/home/jovyan/slowfast/data/RWF2000/NoFight/NF_61.avi,1
/home/jovyan/slowfast/data/RWF2000/NoFight/NF_199.avi,1
/home/jovyan/slowfast/data/RWF2000/NoFight/NF_729.avi,1
/home/jovyan/slowfast/data/RWF2000/Fight/F_743.avi,0
/home/jovyan/slowfast/data/RWF2000/NoFight/NF_48.avi,1
/home/jovyan/slowfast/data/RWF2000/Fight/F_761.avi,0
/home/jovyan/slowfast/data/RWF2000/Fight/F_59.avi,0
/home/jovyan/slowfast/data/RWF2000/Fight/F_656.avi,0
/home/jovyan/slowfast/data/RWF2000/NoFight/NF_187.avi,1
/home/jovyan/slowfast/data/RWF2000/NoFight/NF_707.avi,1
/home/jovyan/slowfast/data/RWF2000/Fight/F_727.avi,0
/home/jovyan/slowfast/data/RWF2000/NoFight/NF_40.avi,1
/home/jovyan/slowfast/data/RWF2000/NoFight/NF_454.avi,1
/home/jovyan/slowfast/data/RWF2000/Fight/F_590.avi,0
/home/jovyan/slowfast/data/RWF2000/NoFight/NF_757.avi,1
/home/jovyan/slowfast/data/RWF2000/NoFight/NF_64.avi,1
/home/jovyan/slowfast/data/RWF2000/NoFight/NF_501.avi,1
/home/jovyan/slowfast/data/RWF2000/NoFight/NF_573.avi,1
/home/jovyan/slowfast/data/RWF2000/Fight/F_544.avi,0
/home/jovyan/slowfast/data/RWF2000/NoFight/NF_436.avi,1
/home/jovyan/slowfast/data/RWF2000/NoFight/NF_162.avi,1
/home/jovyan/slowfast/data/RWF2000/Fight/F_613.avi,0
/home/jovyan/slowfast/data/RWF2000/NoFight/NF_164.avi,1
/home/jovyan/slowfast/data/RWF2000/Fight/F_470.avi,0
/home/jovyan/slowfast/data/RWF2000/Fight/F_425.avi,0
/home/jovyan/slowfast/data/RWF2000/NoFight/NF_718.avi,1
/home/jovyan/slowfast/data/RWF2000/Fight/F_513.avi,0
/home/jovyan/slowfast/data/RWF2000/NoFight/NF_658.avi,1
/home/jovyan/slowfast/data/RWF2000/Fight/F_720.avi,0
/home/jovyan/slowfast/data/RWF2000/Fight/F_5.avi,0
/home/jovyan/slowfast/data/RWF2000/NoFight/NF_742.avi,1
/home/jovyan/slowfast/data/RWF2000/Fight/F_620.avi,0
/home/jovyan/slowfast/data/RWF2000/Fight/F_417.avi,0
/home/jovyan/slowfast/data/RWF2000/Fight/F_148.avi,0
/home/jovyan/slowfast/data/RWF2000/Fight/F_231.avi,0
/home/jovyan/slowfast/data/RWF2000/NoFight/NF_59.avi,1
/home/jovyan/slowfast/data/RWF2000/NoFight/NF_108.avi,1
/home/jovyan/slowfast/data/RWF2000/Fight/F_700.avi,0
/home/jovyan/slowfast/data/RWF2000/Fight/F_742.avi,0
/home/jovyan/slowfast/data/RWF2000/Fight/F_7.avi,0
/home/jovyan/slowfast/data/RWF2000/NoFight/NF_723.avi,1
/home/jovyan/slowfast/data/RWF2000/Fight/F_629.avi,0
/home/jovyan/slowfast/data/RWF2000/NoFight/NF_396.avi,1
/home/jovyan/slowfast/data/RWF2000/NoFight/NF_51.avi,1
/home/jovyan/slowfast/data/RWF2000/Fight/F_819.avi,0
/home/jovyan/slowfast/data/RWF2000/Fight/F_21.avi,0
/home/jovyan/slowfast/data/RWF2000/NoFight/NF_664.avi,1
/home/jovyan/slowfast/data/RWF2000/NoFight/NF_566.avi,1
/home/jovyan/slowfast/data/RWF2000/Fight/F_713.avi,0
/home/jovyan/slowfast/data/RWF2000/Fight/F_741.avi,0
/home/jovyan/slowfast/data/RWF2000/Fight/F_230.avi,0
/home/jovyan/slowfast/data/RWF2000/NoFight/NF_427.avi,1
/home/jovyan/slowfast/data/RWF2000/Fight/F_72.avi,0
/home/jovyan/slowfast/data/RWF2000/NoFight/NF_816.avi,1
/home/jovyan/slowfast/data/RWF2000/NoFight/NF_514.avi,1
/home/jovyan/slowfast/data/RWF2000/Fight/F_672.avi,0
/home/jovyan/slowfast/data/RWF2000/Fight/F_419.avi,0
/home/jovyan/slowfast/data/RWF2000/NoFight/NF_510.avi,1
/home/jovyan/slowfast/data/RWF2000/NoFight/NF_808.avi,1
/home/jovyan/slowfast/data/RWF2000/Fight/F_762.avi,0
/home/jovyan/slowfast/data/RWF2000/NoFight/NF_184.avi,1
/home/jovyan/slowfast/data/RWF2000/NoFight/NF_393.avi,1
/home/jovyan/slowfast/data/RWF2000/Fight/F_43.avi,0
/home/jovyan/slowfast/data/RWF2000/Fight/F_479.avi,0
/home/jovyan/slowfast/data/RWF2000/Fight/F_767.avi,0
/home/jovyan/slowfast/data/RWF2000/Fight/F_596.avi,0
/home/jovyan/slowfast/data/RWF2000/Fight/F_622.avi,0
/home/jovyan/slowfast/data/RWF2000/Fight/F_12.avi,0
/home/jovyan/slowfast/data/RWF2000/Fight/F_67.avi,0
/home/jovyan/slowfast/data/RWF2000/NoFight/NF_780.avi,1
/home/jovyan/slowfast/data/RWF2000/NoFight/NF_587.avi,1
/home/jovyan/slowfast/data/RWF2000/Fight/F_428.avi,0
/home/jovyan/slowfast/data/RWF2000/Fight/F_485.avi,0
/home/jovyan/slowfast/data/RWF2000/NoFight/NF_693.avi,1
/home/jovyan/slowfast/data/RWF2000/NoFight/NF_785.avi,1
/home/jovyan/slowfast/data/RWF2000/Fight/F_401.avi,0
/home/jovyan/slowfast/data/RWF2000/NoFight/NF_792.avi,1
/home/jovyan/slowfast/data/RWF2000/NoFight/NF_418.avi,1
/home/jovyan/slowfast/data/RWF2000/NoFight/NF_582.avi,1
/home/jovyan/slowfast/data/RWF2000/Fight/F_398.avi,0
/home/jovyan/slowfast/data/RWF2000/Fight/F_806.avi,0
/home/jovyan/slowfast/data/RWF2000/NoFight/NF_584.avi,1
/home/jovyan/slowfast/data/RWF2000/Fight/F_595.avi,0
/home/jovyan/slowfast/data/RWF2000/Fight/F_58.avi,0
/home/jovyan/slowfast/data/RWF2000/NoFight/NF_109.avi,1
/home/jovyan/slowfast/data/RWF2000/NoFight/NF_645.avi,1
/home/jovyan/slowfast/data/RWF2000/NoFight/NF_772.avi,1
/home/jovyan/slowfast/data/RWF2000/NoFight/NF_790.avi,1
/home/jovyan/slowfast/data/RWF2000/Fight/F_654.avi,0
/home/jovyan/slowfast/data/RWF2000/Fight/F_684.avi,0
/home/jovyan/slowfast/data/RWF2000/NoFight/NF_100.avi,1
/home/jovyan/slowfast/data/RWF2000/NoFight/NF_567.avi,1
/home/jovyan/slowfast/data/RWF2000/NoFight/NF_192.avi,1
/home/jovyan/slowfast/data/RWF2000/Fight/F_559.avi,0
/home/jovyan/slowfast/data/RWF2000/Fight/F_775.avi,0
/home/jovyan/slowfast/data/RWF2000/NoFight/NF_194.avi,1
/home/jovyan/slowfast/data/RWF2000/NoFight/NF_549.avi,1
/home/jovyan/slowfast/data/RWF2000/NoFight/NF_800.avi,1
/home/jovyan/slowfast/data/RWF2000/NoFight/NF_773.avi,1
/home/jovyan/slowfast/data/RWF2000/Fight/F_669.avi,0
/home/jovyan/slowfast/data/RWF2000/NoFight/NF_702.avi,1
/home/jovyan/slowfast/data/RWF2000/NoFight/NF_798.avi,1
/home/jovyan/slowfast/data/RWF2000/NoFight/NF_142.avi,1
/home/jovyan/slowfast/data/RWF2000/NoFight/NF_812.avi,1
/home/jovyan/slowfast/data/RWF2000/NoFight/NF_406.avi,1
/home/jovyan/slowfast/data/RWF2000/NoFight/NF_235.avi,1
/home/jovyan/slowfast/data/RWF2000/NoFight/NF_53.avi,1
/home/jovyan/slowfast/data/RWF2000/Fight/F_498.avi,0
/home/jovyan/slowfast/data/RWF2000/NoFight/NF_243.avi,1
/home/jovyan/slowfast/data/RWF2000/NoFight/NF_129.avi,1
/home/jovyan/slowfast/data/RWF2000/NoFight/NF_146.avi,1
/home/jovyan/slowfast/data/RWF2000/NoFight/NF_113.avi,1
/home/jovyan/slowfast/data/RWF2000/NoFight/NF_771.avi,1
/home/jovyan/slowfast/data/RWF2000/Fight/F_144.avi,0
/home/jovyan/slowfast/data/RWF2000/NoFight/NF_452.avi,1
/home/jovyan/slowfast/data/RWF2000/Fight/F_489.avi,0
/home/jovyan/slowfast/data/RWF2000/Fight/F_486.avi,0
/home/jovyan/slowfast/data/RWF2000/NoFight/NF_630.avi,1
/home/jovyan/slowfast/data/RWF2000/Fight/F_149.avi,0
/home/jovyan/slowfast/data/RWF2000/Fight/F_797.avi,0
/home/jovyan/slowfast/data/RWF2000/NoFight/NF_578.avi,1
/home/jovyan/slowfast/data/RWF2000/Fight/F_418.avi,0
/home/jovyan/slowfast/data/RWF2000/NoFight/NF_238.avi,1
/home/jovyan/slowfast/data/RWF2000/Fight/F_448.avi,0
/home/jovyan/slowfast/data/RWF2000/Fight/F_170.avi,0
/home/jovyan/slowfast/data/RWF2000/NoFight/NF_597.avi,1
/home/jovyan/slowfast/data/RWF2000/Fight/F_240.avi,0
/home/jovyan/slowfast/data/RWF2000/Fight/F_699.avi,0
/home/jovyan/slowfast/data/RWF2000/Fight/F_701.avi,0
/home/jovyan/slowfast/data/RWF2000/NoFight/NF_594.avi,1
/home/jovyan/slowfast/data/RWF2000/NoFight/NF_519.avi,1
/home/jovyan/slowfast/data/RWF2000/NoFight/NF_135.avi,1
/home/jovyan/slowfast/data/RWF2000/NoFight/NF_673.avi,1
/home/jovyan/slowfast/data/RWF2000/Fight/F_239.avi,0
/home/jovyan/slowfast/data/RWF2000/NoFight/NF_762.avi,1
/home/jovyan/slowfast/data/RWF2000/Fight/F_514.avi,0
/home/jovyan/slowfast/data/RWF2000/NoFight/NF_156.avi,1
/home/jovyan/slowfast/data/RWF2000/NoFight/NF_214.avi,1
/home/jovyan/slowfast/data/RWF2000/Fight/F_691.avi,0
/home/jovyan/slowfast/data/RWF2000/NoFight/NF_416.avi,1
/home/jovyan/slowfast/data/RWF2000/NoFight/NF_601.avi,1
/home/jovyan/slowfast/data/RWF2000/Fight/F_135.avi,0
/home/jovyan/slowfast/data/RWF2000/NoFight/NF_789.avi,1
/home/jovyan/slowfast/data/RWF2000/NoFight/NF_583.avi,1
/home/jovyan/slowfast/data/RWF2000/NoFight/NF_475.avi,1
/home/jovyan/slowfast/data/RWF2000/Fight/F_434.avi,0
/home/jovyan/slowfast/data/RWF2000/NoFight/NF_80.avi,1
/home/jovyan/slowfast/data/RWF2000/NoFight/NF_689.avi,1
/home/jovyan/slowfast/data/RWF2000/NoFight/NF_611.avi,1
/home/jovyan/slowfast/data/RWF2000/NoFight/NF_474.avi,1
/home/jovyan/slowfast/data/RWF2000/NoFight/NF_394.avi,1
/home/jovyan/slowfast/data/RWF2000/Fight/F_507.avi,0
/home/jovyan/slowfast/data/RWF2000/Fight/F_490.avi,0
/home/jovyan/slowfast/data/RWF2000/Fight/F_623.avi,0
/home/jovyan/slowfast/data/RWF2000/NoFight/NF_724.avi,1
/home/jovyan/slowfast/data/RWF2000/Fight/F_529.avi,0
/home/jovyan/slowfast/data/RWF2000/Fight/F_606.avi,0
/home/jovyan/slowfast/data/RWF2000/NoFight/NF_402.avi,1
/home/jovyan/slowfast/data/RWF2000/NoFight/NF_472.avi,1
/home/jovyan/slowfast/data/RWF2000/Fight/F_439.avi,0
/home/jovyan/slowfast/data/RWF2000/NoFight/NF_1000.avi,1
/home/jovyan/slowfast/data/RWF2000/Fight/F_510.avi,0
/home/jovyan/slowfast/data/RWF2000/NoFight/NF_749.avi,1
/home/jovyan/slowfast/data/RWF2000/NoFight/NF_603.avi,1
/home/jovyan/slowfast/data/RWF2000/Fight/F_50.avi,0
/home/jovyan/slowfast/data/RWF2000/NoFight/NF_170.avi,1
/home/jovyan/slowfast/data/RWF2000/Fight/F_161.avi,0
/home/jovyan/slowfast/data/RWF2000/Fight/F_633.avi,0
/home/jovyan/slowfast/data/RWF2000/NoFight/NF_750.avi,1
/home/jovyan/slowfast/data/RWF2000/Fight/F_163.avi,0
/home/jovyan/slowfast/data/RWF2000/Fight/F_39.avi,0
/home/jovyan/slowfast/data/RWF2000/Fight/F_42.avi,0
/home/jovyan/slowfast/data/RWF2000/NoFight/NF_548.avi,1
/home/jovyan/slowfast/data/RWF2000/Fight/F_179.avi,0
/home/jovyan/slowfast/data/RWF2000/Fight/F_423.avi,0
/home/jovyan/slowfast/data/RWF2000/Fight/F_536.avi,0
/home/jovyan/slowfast/data/RWF2000/Fight/F_69.avi,0
/home/jovyan/slowfast/data/RWF2000/Fight/F_615.avi,0
/home/jovyan/slowfast/data/RWF2000/NoFight/NF_801.avi,1
/home/jovyan/slowfast/data/RWF2000/NoFight/NF_116.avi,1
/home/jovyan/slowfast/data/RWF2000/NoFight/NF_438.avi,1
/home/jovyan/slowfast/data/RWF2000/Fight/F_601.avi,0
/home/jovyan/slowfast/data/RWF2000/Fight/F_577.avi,0
/home/jovyan/slowfast/data/RWF2000/NoFight/NF_563.avi,1
/home/jovyan/slowfast/data/RWF2000/NoFight/NF_75.avi,1
/home/jovyan/slowfast/data/RWF2000/NoFight/NF_639.avi,1
/home/jovyan/slowfast/data/RWF2000/Fight/F_737.avi,0
/home/jovyan/slowfast/data/RWF2000/NoFight/NF_547.avi,1
/home/jovyan/slowfast/data/RWF2000/Fight/F_187.avi,0
/home/jovyan/slowfast/data/RWF2000/Fight/F_704.avi,0
/home/jovyan/slowfast/data/RWF2000/Fight/F_534.avi,0
/home/jovyan/slowfast/data/RWF2000/Fight/F_165.avi,0
/home/jovyan/slowfast/data/RWF2000/Fight/F_605.avi,0
/home/jovyan/slowfast/data/RWF2000/NoFight/NF_504.avi,1
/home/jovyan/slowfast/data/RWF2000/Fight/F_234.avi,0
/home/jovyan/slowfast/data/RWF2000/Fight/F_451.avi,0
/home/jovyan/slowfast/data/RWF2000/Fight/F_764.avi,0
/home/jovyan/slowfast/data/RWF2000/Fight/F_225.avi,0
/home/jovyan/slowfast/data/RWF2000/NoFight/NF_561.avi,1
/home/jovyan/slowfast/data/RWF2000/Fight/F_119.avi,0
/home/jovyan/slowfast/data/RWF2000/NoFight/NF_768.avi,1
/home/jovyan/slowfast/data/RWF2000/Fight/F_123.avi,0
/home/jovyan/slowfast/data/RWF2000/Fight/F_137.avi,0
/home/jovyan/slowfast/data/RWF2000/NoFight/NF_395.avi,1
/home/jovyan/slowfast/data/RWF2000/NoFight/NF_714.avi,1
/home/jovyan/slowfast/data/RWF2000/Fight/F_614.avi,0
/home/jovyan/slowfast/data/RWF2000/NoFight/NF_631.avi,1
/home/jovyan/slowfast/data/RWF2000/Fight/F_71.avi,0
/home/jovyan/slowfast/data/RWF2000/Fight/F_593.avi,0
/home/jovyan/slowfast/data/RWF2000/NoFight/NF_760.avi,1
/home/jovyan/slowfast/data/RWF2000/NoFight/NF_669.avi,1
/home/jovyan/slowfast/data/RWF2000/NoFight/NF_661.avi,1
/home/jovyan/slowfast/data/RWF2000/NoFight/NF_636.avi,1
/home/jovyan/slowfast/data/RWF2000/NoFight/NF_705.avi,1
/home/jovyan/slowfast/data/RWF2000/NoFight/NF_545.avi,1
/home/jovyan/slowfast/data/RWF2000/Fight/F_790.avi,0
/home/jovyan/slowfast/data/RWF2000/Fight/F_562.avi,0
/home/jovyan/slowfast/data/RWF2000/Fight/F_555.avi,0
/home/jovyan/slowfast/data/RWF2000/NoFight/NF_568.avi,1
/home/jovyan/slowfast/data/RWF2000/NoFight/NF_41.avi,1
/home/jovyan/slowfast/data/RWF2000/Fight/F_802.avi,0
/home/jovyan/slowfast/data/RWF2000/NoFight/NF_81.avi,1
/home/jovyan/slowfast/data/RWF2000/NoFight/NF_668.avi,1
/home/jovyan/slowfast/data/RWF2000/Fight/F_186.avi,0
/home/jovyan/slowfast/data/RWF2000/NoFight/NF_686.avi,1
/home/jovyan/slowfast/data/RWF2000/Fight/F_389.avi,0
/home/jovyan/slowfast/data/RWF2000/Fight/F_643.avi,0
/home/jovyan/slowfast/data/RWF2000/Fight/F_131.avi,0
/home/jovyan/slowfast/data/RWF2000/NoFight/NF_173.avi,1
/home/jovyan/slowfast/data/RWF2000/NoFight/NF_572.avi,1
/home/jovyan/slowfast/data/RWF2000/Fight/F_197.avi,0
/home/jovyan/slowfast/data/RWF2000/NoFight/NF_607.avi,1
/home/jovyan/slowfast/data/RWF2000/NoFight/NF_169.avi,1
/home/jovyan/slowfast/data/RWF2000/NoFight/NF_612.avi,1
/home/jovyan/slowfast/data/RWF2000/NoFight/NF_153.avi,1
/home/jovyan/slowfast/data/RWF2000/NoFight/NF_421.avi,1
/home/jovyan/slowfast/data/RWF2000/Fight/F_560.avi,0
/home/jovyan/slowfast/data/RWF2000/NoFight/NF_478.avi,1
/home/jovyan/slowfast/data/RWF2000/NoFight/NF_674.avi,1
/home/jovyan/slowfast/data/RWF2000/NoFight/NF_487.avi,1
/home/jovyan/slowfast/data/RWF2000/NoFight/NF_21.avi,1
/home/jovyan/slowfast/data/RWF2000/NoFight/NF_74.avi,1
/home/jovyan/slowfast/data/RWF2000/NoFight/NF_6.avi,1
/home/jovyan/slowfast/data/RWF2000/Fight/F_505.avi,0
/home/jovyan/slowfast/data/RWF2000/Fight/F_618.avi,0
/home/jovyan/slowfast/data/RWF2000/NoFight/NF_524.avi,1
/home/jovyan/slowfast/data/RWF2000/NoFight/NF_666.avi,1
/home/jovyan/slowfast/data/RWF2000/Fight/F_443.avi,0
/home/jovyan/slowfast/data/RWF2000/NoFight/NF_725.avi,1
/home/jovyan/slowfast/data/RWF2000/NoFight/NF_202.avi,1
/home/jovyan/slowfast/data/RWF2000/NoFight/NF_149.avi,1
/home/jovyan/slowfast/data/RWF2000/Fight/F_512.avi,0
/home/jovyan/slowfast/data/RWF2000/NoFight/NF_443.avi,1
/home/jovyan/slowfast/data/RWF2000/Fight/F_429.avi,0
/home/jovyan/slowfast/data/RWF2000/NoFight/NF_691.avi,1
/home/jovyan/slowfast/data/RWF2000/Fight/F_705.avi,0
/home/jovyan/slowfast/data/RWF2000/NoFight/NF_499.avi,1
/home/jovyan/slowfast/data/RWF2000/NoFight/NF_736.avi,1
/home/jovyan/slowfast/data/RWF2000/NoFight/NF_389.avi,1
/home/jovyan/slowfast/data/RWF2000/NoFight/NF_457.avi,1
/home/jovyan/slowfast/data/RWF2000/Fight/F_677.avi,0
/home/jovyan/slowfast/data/RWF2000/Fight/F_435.avi,0
/home/jovyan/slowfast/data/RWF2000/NoFight/NF_671.avi,1
/home/jovyan/slowfast/data/RWF2000/NoFight/NF_517.avi,1
/home/jovyan/slowfast/data/RWF2000/NoFight/NF_399.avi,1
/home/jovyan/slowfast/data/RWF2000/Fight/F_543.avi,0
/home/jovyan/slowfast/data/RWF2000/Fight/F_228.avi,0
/home/jovyan/slowfast/data/RWF2000/NoFight/NF_600.avi,1
/home/jovyan/slowfast/data/RWF2000/NoFight/NF_706.avi,1
/home/jovyan/slowfast/data/RWF2000/NoFight/NF_610.avi,1
/home/jovyan/slowfast/data/RWF2000/Fight/F_473.avi,0
/home/jovyan/slowfast/data/RWF2000/Fight/F_800.avi,0
/home/jovyan/slowfast/data/RWF2000/Fight/F_223.avi,0
/home/jovyan/slowfast/data/RWF2000/NoFight/NF_198.avi,1
/home/jovyan/slowfast/data/RWF2000/Fight/F_172.avi,0
/home/jovyan/slowfast/data/RWF2000/NoFight/NF_621.avi,1
/home/jovyan/slowfast/data/RWF2000/NoFight/NF_431.avi,1
/home/jovyan/slowfast/data/RWF2000/NoFight/NF_441.avi,1
/home/jovyan/slowfast/data/RWF2000/NoFight/NF_713.avi,1
/home/jovyan/slowfast/data/RWF2000/Fight/F_751.avi,0
/home/jovyan/slowfast/data/RWF2000/NoFight/NF_426.avi,1
/home/jovyan/slowfast/data/RWF2000/Fight/F_112.avi,0
/home/jovyan/slowfast/data/RWF2000/Fight/F_106.avi,0
/home/jovyan/slowfast/data/RWF2000/Fight/F_136.avi,0
/home/jovyan/slowfast/data/RWF2000/Fight/F_659.avi,0
/home/jovyan/slowfast/data/RWF2000/Fight/F_661.avi,0
/home/jovyan/slowfast/data/RWF2000/NoFight/NF_412.avi,1
/home/jovyan/slowfast/data/RWF2000/Fight/F_421.avi,0
/home/jovyan/slowfast/data/RWF2000/NoFight/NF_435.avi,1
/home/jovyan/slowfast/data/RWF2000/NoFight/NF_804.avi,1
/home/jovyan/slowfast/data/RWF2000/NoFight/NF_18.avi,1
/home/jovyan/slowfast/data/RWF2000/Fight/F_711.avi,0
/home/jovyan/slowfast/data/RWF2000/Fight/F_665.avi,0
/home/jovyan/slowfast/data/RWF2000/NoFight/NF_564.avi,1
/home/jovyan/slowfast/data/RWF2000/NoFight/NF_622.avi,1
/home/jovyan/slowfast/data/RWF2000/Fight/F_710.avi,0
/home/jovyan/slowfast/data/RWF2000/Fight/F_774.avi,0
/home/jovyan/slowfast/data/RWF2000/Fight/F_6.avi,0
/home/jovyan/slowfast/data/RWF2000/NoFight/NF_743.avi,1
/home/jovyan/slowfast/data/RWF2000/Fight/F_166.avi,0
/home/jovyan/slowfast/data/RWF2000/Fight/F_772.avi,0
/home/jovyan/slowfast/data/RWF2000/NoFight/NF_759.avi,1
/home/jovyan/slowfast/data/RWF2000/NoFight/NF_492.avi,1
/home/jovyan/slowfast/data/RWF2000/NoFight/NF_580.avi,1
/home/jovyan/slowfast/data/RWF2000/Fight/F_734.avi,0
/home/jovyan/slowfast/data/RWF2000/Fight/F_147.avi,0
/home/jovyan/slowfast/data/RWF2000/Fight/F_604.avi,0
/home/jovyan/slowfast/data/RWF2000/Fight/F_169.avi,0
/home/jovyan/slowfast/data/RWF2000/Fight/F_142.avi,0
/home/jovyan/slowfast/data/RWF2000/Fight/F_690.avi,0
/home/jovyan/slowfast/data/RWF2000/Fight/F_676.avi,0
/home/jovyan/slowfast/data/RWF2000/NoFight/NF_432.avi,1
/home/jovyan/slowfast/data/RWF2000/Fight/F_162.avi,0
/home/jovyan/slowfast/data/RWF2000/Fight/F_717.avi,0
/home/jovyan/slowfast/data/RWF2000/Fight/F_662.avi,0
/home/jovyan/slowfast/data/RWF2000/Fight/F_581.avi,0
/home/jovyan/slowfast/data/RWF2000/Fight/F_193.avi,0
/home/jovyan/slowfast/data/RWF2000/Fight/F_80.avi,0
/home/jovyan/slowfast/data/RWF2000/Fight/F_3.avi,0
/home/jovyan/slowfast/data/RWF2000/Fight/F_624.avi,0
/home/jovyan/slowfast/data/RWF2000/NoFight/NF_60.avi,1
/home/jovyan/slowfast/data/RWF2000/NoFight/NF_103.avi,1
/home/jovyan/slowfast/data/RWF2000/Fight/F_558.avi,0
/home/jovyan/slowfast/data/RWF2000/Fight/F_153.avi,0
/home/jovyan/slowfast/data/RWF2000/Fight/F_114.avi,0
/home/jovyan/slowfast/data/RWF2000/Fight/F_40.avi,0
/home/jovyan/slowfast/data/RWF2000/NoFight/NF_683.avi,1
/home/jovyan/slowfast/data/RWF2000/Fight/F_460.avi,0
/home/jovyan/slowfast/data/RWF2000/NoFight/NF_553.avi,1
/home/jovyan/slowfast/data/RWF2000/NoFight/NF_174.avi,1
/home/jovyan/slowfast/data/RWF2000/NoFight/NF_635.avi,1
/home/jovyan/slowfast/data/RWF2000/Fight/F_445.avi,0
/home/jovyan/slowfast/data/RWF2000/Fight/F_749.avi,0
/home/jovyan/slowfast/data/RWF2000/NoFight/NF_213.avi,1
/home/jovyan/slowfast/data/RWF2000/NoFight/NF_653.avi,1
/home/jovyan/slowfast/data/RWF2000/NoFight/NF_176.avi,1
/home/jovyan/slowfast/data/RWF2000/Fight/F_563.avi,0
/home/jovyan/slowfast/data/RWF2000/NoFight/NF_138.avi,1
/home/jovyan/slowfast/data/RWF2000/NoFight/NF_570.avi,1
/home/jovyan/slowfast/data/RWF2000/NoFight/NF_181.avi,1
/home/jovyan/slowfast/data/RWF2000/NoFight/NF_404.avi,1
/home/jovyan/slowfast/data/RWF2000/Fight/F_752.avi,0
/home/jovyan/slowfast/data/RWF2000/Fight/F_696.avi,0
/home/jovyan/slowfast/data/RWF2000/Fight/F_525.avi,0
/home/jovyan/slowfast/data/RWF2000/Fight/F_138.avi,0
/home/jovyan/slowfast/data/RWF2000/Fight/F_173.avi,0
/home/jovyan/slowfast/data/RWF2000/NoFight/NF_413.avi,1
/home/jovyan/slowfast/data/RWF2000/Fight/F_222.avi,0
/home/jovyan/slowfast/data/RWF2000/Fight/F_156.avi,0
/home/jovyan/slowfast/data/RWF2000/Fight/F_638.avi,0
/home/jovyan/slowfast/data/RWF2000/Fight/F_685.avi,0
/home/jovyan/slowfast/data/RWF2000/Fight/F_404.avi,0
/home/jovyan/slowfast/data/RWF2000/NoFight/NF_748.avi,1
/home/jovyan/slowfast/data/RWF2000/Fight/F_495.avi,0
/home/jovyan/slowfast/data/RWF2000/Fight/F_648.avi,0
/home/jovyan/slowfast/data/RWF2000/NoFight/NF_767.avi,1
/home/jovyan/slowfast/data/RWF2000/NoFight/NF_429.avi,1
/home/jovyan/slowfast/data/RWF2000/NoFight/NF_12.avi,1
/home/jovyan/slowfast/data/RWF2000/Fight/F_668.avi,0
/home/jovyan/slowfast/data/RWF2000/NoFight/NF_201.avi,1
/home/jovyan/slowfast/data/RWF2000/Fight/F_185.avi,0
/home/jovyan/slowfast/data/RWF2000/Fight/F_212.avi,0
/home/jovyan/slowfast/data/RWF2000/Fight/F_552.avi,0
/home/jovyan/slowfast/data/RWF2000/Fight/F_524.avi,0
/home/jovyan/slowfast/data/RWF2000/Fight/F_608.avi,0
/home/jovyan/slowfast/data/RWF2000/Fight/F_642.avi,0
/home/jovyan/slowfast/data/RWF2000/NoFight/NF_122.avi,1
/home/jovyan/slowfast/data/RWF2000/Fight/F_625.avi,0
/home/jovyan/slowfast/data/RWF2000/Fight/F_214.avi,0
/home/jovyan/slowfast/data/RWF2000/NoFight/NF_428.avi,1
/home/jovyan/slowfast/data/RWF2000/NoFight/NF_685.avi,1
/home/jovyan/slowfast/data/RWF2000/NoFight/NF_217.avi,1
/home/jovyan/slowfast/data/RWF2000/NoFight/NF_775.avi,1
/home/jovyan/slowfast/data/RWF2000/Fight/F_511.avi,0
/home/jovyan/slowfast/data/RWF2000/NoFight/NF_66.avi,1
/home/jovyan/slowfast/data/RWF2000/Fight/F_57.avi,0
/home/jovyan/slowfast/data/RWF2000/NoFight/NF_633.avi,1
/home/jovyan/slowfast/data/RWF2000/Fight/F_414.avi,0
/home/jovyan/slowfast/data/RWF2000/NoFight/NF_652.avi,1
/home/jovyan/slowfast/data/RWF2000/NoFight/NF_735.avi,1
/home/jovyan/slowfast/data/RWF2000/Fight/F_599.avi,0
/home/jovyan/slowfast/data/RWF2000/Fight/F_755.avi,0
/home/jovyan/slowfast/data/RWF2000/NoFight/NF_16.avi,1
/home/jovyan/slowfast/data/RWF2000/NoFight/NF_777.avi,1
/home/jovyan/slowfast/data/RWF2000/NoFight/NF_628.avi,1
/home/jovyan/slowfast/data/RWF2000/NoFight/NF_43.avi,1
/home/jovyan/slowfast/data/RWF2000/Fight/F_424.avi,0
/home/jovyan/slowfast/data/RWF2000/NoFight/NF_688.avi,1
/home/jovyan/slowfast/data/RWF2000/NoFight/NF_692.avi,1
/home/jovyan/slowfast/data/RWF2000/NoFight/NF_511.avi,1
/home/jovyan/slowfast/data/RWF2000/NoFight/NF_676.avi,1
/home/jovyan/slowfast/data/RWF2000/NoFight/NF_715.avi,1
/home/jovyan/slowfast/data/RWF2000/Fight/F_157.avi,0
/home/jovyan/slowfast/data/RWF2000/NoFight/NF_196.avi,1
/home/jovyan/slowfast/data/RWF2000/Fight/F_75.avi,0
/home/jovyan/slowfast/data/RWF2000/NoFight/NF_211.avi,1
/home/jovyan/slowfast/data/RWF2000/NoFight/NF_473.avi,1
/home/jovyan/slowfast/data/RWF2000/NoFight/NF_556.avi,1
/home/jovyan/slowfast/data/RWF2000/NoFight/NF_650.avi,1
/home/jovyan/slowfast/data/RWF2000/Fight/F_174.avi,0
/home/jovyan/slowfast/data/RWF2000/Fight/F_396.avi,0
/home/jovyan/slowfast/data/RWF2000/Fight/F_628.avi,0
/home/jovyan/slowfast/data/RWF2000/Fight/F_646.avi,0
/home/jovyan/slowfast/data/RWF2000/NoFight/NF_779.avi,1
/home/jovyan/slowfast/data/RWF2000/NoFight/NF_209.avi,1
/home/jovyan/slowfast/data/RWF2000/NoFight/NF_534.avi,1
/home/jovyan/slowfast/data/RWF2000/Fight/F_393.avi,0
/home/jovyan/slowfast/data/RWF2000/NoFight/NF_531.avi,1
/home/jovyan/slowfast/data/RWF2000/Fight/F_675.avi,0
/home/jovyan/slowfast/data/RWF2000/Fight/F_54.avi,0
/home/jovyan/slowfast/data/RWF2000/NoFight/NF_758.avi,1
/home/jovyan/slowfast/data/RWF2000/Fight/F_190.avi,0
/home/jovyan/slowfast/data/RWF2000/Fight/F_621.avi,0
/home/jovyan/slowfast/data/RWF2000/Fight/F_213.avi,0
/home/jovyan/slowfast/data/RWF2000/NoFight/NF_208.avi,1
/home/jovyan/slowfast/data/RWF2000/NoFight/NF_237.avi,1
/home/jovyan/slowfast/data/RWF2000/NoFight/NF_14.avi,1
/home/jovyan/slowfast/data/RWF2000/NoFight/NF_139.avi,1
/home/jovyan/slowfast/data/RWF2000/Fight/F_211.avi,0
/home/jovyan/slowfast/data/RWF2000/NoFight/NF_45.avi,1
/home/jovyan/slowfast/data/RWF2000/Fight/F_221.avi,0
/home/jovyan/slowfast/data/RWF2000/NoFight/NF_461.avi,1
/home/jovyan/slowfast/data/RWF2000/NoFight/NF_120.avi,1
/home/jovyan/slowfast/data/RWF2000/NoFight/NF_819.avi,1
/home/jovyan/slowfast/data/RWF2000/Fight/F_726.avi,0
/home/jovyan/slowfast/data/RWF2000/Fight/F_773.avi,0
/home/jovyan/slowfast/data/RWF2000/Fight/F_792.avi,0
/home/jovyan/slowfast/data/RWF2000/NoFight/NF_229.avi,1
/home/jovyan/slowfast/data/RWF2000/NoFight/NF_397.avi,1
/home/jovyan/slowfast/data/RWF2000/Fight/F_215.avi,0
/home/jovyan/slowfast/data/RWF2000/NoFight/NF_126.avi,1
/home/jovyan/slowfast/data/RWF2000/Fight/F_814.avi,0
/home/jovyan/slowfast/data/RWF2000/Fight/F_542.avi,0
/home/jovyan/slowfast/data/RWF2000/Fight/F_472.avi,0
/home/jovyan/slowfast/data/RWF2000/NoFight/NF_618.avi,1
/home/jovyan/slowfast/data/RWF2000/Fight/F_480.avi,0
/home/jovyan/slowfast/data/RWF2000/NoFight/NF_212.avi,1
/home/jovyan/slowfast/data/RWF2000/Fight/F_508.avi,0
/home/jovyan/slowfast/data/RWF2000/NoFight/NF_466.avi,1
/home/jovyan/slowfast/data/RWF2000/Fight/F_703.avi,0
/home/jovyan/slowfast/data/RWF2000/NoFight/NF_559.avi,1
/home/jovyan/slowfast/data/RWF2000/NoFight/NF_497.avi,1
/home/jovyan/slowfast/data/RWF2000/Fight/F_766.avi,0
/home/jovyan/slowfast/data/RWF2000/NoFight/NF_541.avi,1
/home/jovyan/slowfast/data/RWF2000/NoFight/NF_19.avi,1
/home/jovyan/slowfast/data/RWF2000/NoFight/NF_537.avi,1
/home/jovyan/slowfast/data/RWF2000/NoFight/NF_200.avi,1
/home/jovyan/slowfast/data/RWF2000/NoFight/NF_588.avi,1
/home/jovyan/slowfast/data/RWF2000/NoFight/NF_112.avi,1
/home/jovyan/slowfast/data/RWF2000/NoFight/NF_737.avi,1
/home/jovyan/slowfast/data/RWF2000/NoFight/NF_463.avi,1
/home/jovyan/slowfast/data/RWF2000/NoFight/NF_130.avi,1
/home/jovyan/slowfast/data/RWF2000/Fight/F_547.avi,0
/home/jovyan/slowfast/data/RWF2000/Fight/F_730.avi,0
/home/jovyan/slowfast/data/RWF2000/NoFight/NF_401.avi,1
/home/jovyan/slowfast/data/RWF2000/NoFight/NF_731.avi,1
/home/jovyan/slowfast/data/RWF2000/Fight/F_204.avi,0
/home/jovyan/slowfast/data/RWF2000/Fight/F_548.avi,0
/home/jovyan/slowfast/data/RWF2000/NoFight/NF_814.avi,1
/home/jovyan/slowfast/data/RWF2000/Fight/F_62.avi,0
/home/jovyan/slowfast/data/RWF2000/NoFight/NF_654.avi,1
/home/jovyan/slowfast/data/RWF2000/Fight/F_491.avi,0
/home/jovyan/slowfast/data/RWF2000/Fight/F_188.avi,0
/home/jovyan/slowfast/data/RWF2000/NoFight/NF_408.avi,1
/home/jovyan/slowfast/data/RWF2000/NoFight/NF_642.avi,1
/home/jovyan/slowfast/data/RWF2000/NoFight/NF_67.avi,1
/home/jovyan/slowfast/data/RWF2000/Fight/F_789.avi,0
/home/jovyan/slowfast/data/RWF2000/Fight/F_154.avi,0
/home/jovyan/slowfast/data/RWF2000/Fight/F_589.avi,0
/home/jovyan/slowfast/data/RWF2000/NoFight/NF_219.avi,1
/home/jovyan/slowfast/data/RWF2000/Fight/F_447.avi,0
/home/jovyan/slowfast/data/RWF2000/NoFight/NF_784.avi,1
/home/jovyan/slowfast/data/RWF2000/Fight/F_109.avi,0
/home/jovyan/slowfast/data/RWF2000/NoFight/NF_708.avi,1
/home/jovyan/slowfast/data/RWF2000/Fight/F_191.avi,0
/home/jovyan/slowfast/data/RWF2000/Fight/F_732.avi,0
/home/jovyan/slowfast/data/RWF2000/NoFight/NF_183.avi,1
/home/jovyan/slowfast/data/RWF2000/Fight/F_66.avi,0
/home/jovyan/slowfast/data/RWF2000/Fight/F_816.avi,0
/home/jovyan/slowfast/data/RWF2000/NoFight/NF_218.avi,1
/home/jovyan/slowfast/data/RWF2000/NoFight/NF_794.avi,1
/home/jovyan/slowfast/data/RWF2000/NoFight/NF_552.avi,1
/home/jovyan/slowfast/data/RWF2000/Fight/F_782.avi,0
/home/jovyan/slowfast/data/RWF2000/Fight/F_722.avi,0
/home/jovyan/slowfast/data/RWF2000/NoFight/NF_648.avi,1
/home/jovyan/slowfast/data/RWF2000/NoFight/NF_590.avi,1
/home/jovyan/slowfast/data/RWF2000/NoFight/NF_161.avi,1
/home/jovyan/slowfast/data/RWF2000/Fight/F_531.avi,0
/home/jovyan/slowfast/data/RWF2000/NoFight/NF_634.avi,1
/home/jovyan/slowfast/data/RWF2000/Fight/F_450.avi,0
/home/jovyan/slowfast/data/RWF2000/NoFight/NF_575.avi,1
/home/jovyan/slowfast/data/RWF2000/Fight/F_402.avi,0
/home/jovyan/slowfast/data/RWF2000/NoFight/NF_152.avi,1
/home/jovyan/slowfast/data/RWF2000/Fight/F_13.avi,0
/home/jovyan/slowfast/data/RWF2000/Fight/F_449.avi,0
/home/jovyan/slowfast/data/RWF2000/Fight/F_568.avi,0
/home/jovyan/slowfast/data/RWF2000/NoFight/NF_528.avi,1
/home/jovyan/slowfast/data/RWF2000/Fight/F_192.avi,0
/home/jovyan/slowfast/data/RWF2000/NoFight/NF_647.avi,1
/home/jovyan/slowfast/data/RWF2000/Fight/F_574.avi,0
/home/jovyan/slowfast/data/RWF2000/Fight/F_207.avi,0
/home/jovyan/slowfast/data/RWF2000/Fight/F_466.avi,0
/home/jovyan/slowfast/data/RWF2000/Fight/F_602.avi,0
/home/jovyan/slowfast/data/RWF2000/Fight/F_750.avi,0
/home/jovyan/slowfast/data/RWF2000/Fight/F_687.avi,0
/home/jovyan/slowfast/data/RWF2000/NoFight/NF_500.avi,1
/home/jovyan/slowfast/data/RWF2000/Fight/F_70.avi,0
/home/jovyan/slowfast/data/RWF2000/Fight/F_236.avi,0
/home/jovyan/slowfast/data/RWF2000/Fight/F_522.avi,0
/home/jovyan/slowfast/data/RWF2000/NoFight/NF_163.avi,1
/home/jovyan/slowfast/data/RWF2000/Fight/F_569.avi,0
/home/jovyan/slowfast/data/RWF2000/Fight/F_565.avi,0
/home/jovyan/slowfast/data/RWF2000/Fight/F_692.avi,0
/home/jovyan/slowfast/data/RWF2000/NoFight/NF_544.avi,1
/home/jovyan/slowfast/data/RWF2000/NoFight/NF_3.avi,1
/home/jovyan/slowfast/data/RWF2000/Fight/F_410.avi,0
/home/jovyan/slowfast/data/RWF2000/Fight/F_224.avi,0
/home/jovyan/slowfast/data/RWF2000/Fight/F_427.avi,0
/home/jovyan/slowfast/data/RWF2000/NoFight/NF_151.avi,1
/home/jovyan/slowfast/data/RWF2000/NoFight/NF_586.avi,1
/home/jovyan/slowfast/data/RWF2000/Fight/F_208.avi,0
/home/jovyan/slowfast/data/RWF2000/NoFight/NF_144.avi,1
/home/jovyan/slowfast/data/RWF2000/NoFight/NF_228.avi,1
/home/jovyan/slowfast/data/RWF2000/Fight/F_758.avi,0
/home/jovyan/slowfast/data/RWF2000/Fight/F_55.avi,0
/home/jovyan/slowfast/data/RWF2000/NoFight/NF_405.avi,1
/home/jovyan/slowfast/data/RWF2000/Fight/F_494.avi,0
/home/jovyan/slowfast/data/RWF2000/Fight/F_464.avi,0
/home/jovyan/slowfast/data/RWF2000/Fight/F_607.avi,0
/home/jovyan/slowfast/data/RWF2000/NoFight/NF_521.avi,1
/home/jovyan/slowfast/data/RWF2000/NoFight/NF_131.avi,1
/home/jovyan/slowfast/data/RWF2000/NoFight/NF_236.avi,1
/home/jovyan/slowfast/data/RWF2000/NoFight/NF_665.avi,1
/home/jovyan/slowfast/data/RWF2000/Fight/F_130.avi,0
/home/jovyan/slowfast/data/RWF2000/NoFight/NF_596.avi,1
/home/jovyan/slowfast/data/RWF2000/Fight/F_492.avi,0
/home/jovyan/slowfast/data/RWF2000/Fight/F_430.avi,0
/home/jovyan/slowfast/data/RWF2000/NoFight/NF_105.avi,1
/home/jovyan/slowfast/data/RWF2000/Fight/F_243.avi,0
/home/jovyan/slowfast/data/RWF2000/Fight/F_238.avi,0
/home/jovyan/slowfast/data/RWF2000/Fight/F_817.avi,0
/home/jovyan/slowfast/data/RWF2000/Fight/F_647.avi,0
/home/jovyan/slowfast/data/RWF2000/Fight/F_444.avi,0
/home/jovyan/slowfast/data/RWF2000/NoFight/NF_734.avi,1
/home/jovyan/slowfast/data/RWF2000/NoFight/NF_107.avi,1
/home/jovyan/slowfast/data/RWF2000/NoFight/NF_179.avi,1
/home/jovyan/slowfast/data/RWF2000/Fight/F_217.avi,0
/home/jovyan/slowfast/data/RWF2000/Fight/F_650.avi,0
/home/jovyan/slowfast/data/RWF2000/NoFight/NF_468.avi,1
/home/jovyan/slowfast/data/RWF2000/NoFight/NF_663.avi,1
/home/jovyan/slowfast/data/RWF2000/Fight/F_438.avi,0
/home/jovyan/slowfast/data/RWF2000/Fight/F_235.avi,0
/home/jovyan/slowfast/data/RWF2000/Fight/F_637.avi,0
/home/jovyan/slowfast/data/RWF2000/Fight/F_458.avi,0
/home/jovyan/slowfast/data/RWF2000/Fight/F_653.avi,0
/home/jovyan/slowfast/data/RWF2000/NoFight/NF_481.avi,1
/home/jovyan/slowfast/data/RWF2000/NoFight/NF_175.avi,1
/home/jovyan/slowfast/data/RWF2000/NoFight/NF_551.avi,1
/home/jovyan/slowfast/data/RWF2000/Fight/F_509.avi,0
/home/jovyan/slowfast/data/RWF2000/NoFight/NF_471.avi,1
/home/jovyan/slowfast/data/RWF2000/Fight/F_795.avi,0
/home/jovyan/slowfast/data/RWF2000/Fight/F_597.avi,0
/home/jovyan/slowfast/data/RWF2000/Fight/F_433.avi,0
/home/jovyan/slowfast/data/RWF2000/Fight/F_79.avi,0
/home/jovyan/slowfast/data/RWF2000/NoFight/NF_744.avi,1
/home/jovyan/slowfast/data/RWF2000/NoFight/NF_485.avi,1
/home/jovyan/slowfast/data/RWF2000/Fight/F_516.avi,0
/home/jovyan/slowfast/data/RWF2000/Fight/F_175.avi,0
/home/jovyan/slowfast/data/RWF2000/Fight/F_783.avi,0
/home/jovyan/slowfast/data/RWF2000/Fight/F_456.avi,0
/home/jovyan/slowfast/data/RWF2000/NoFight/NF_437.avi,1
/home/jovyan/slowfast/data/RWF2000/NoFight/NF_682.avi,1
/home/jovyan/slowfast/data/RWF2000/Fight/F_134.avi,0
/home/jovyan/slowfast/data/RWF2000/Fight/F_575.avi,0
/home/jovyan/slowfast/data/RWF2000/NoFight/NF_518.avi,1
/home/jovyan/slowfast/data/RWF2000/Fight/F_644.avi,0
/home/jovyan/slowfast/data/RWF2000/NoFight/NF_793.avi,1
/home/jovyan/slowfast/data/RWF2000/Fight/F_809.avi,0
/home/jovyan/slowfast/data/RWF2000/NoFight/NF_150.avi,1
/home/jovyan/slowfast/data/RWF2000/Fight/F_610.avi,0
/home/jovyan/slowfast/data/RWF2000/NoFight/NF_4.avi,1
/home/jovyan/slowfast/data/RWF2000/NoFight/NF_796.avi,1
/home/jovyan/slowfast/data/RWF2000/Fight/F_721.avi,0
/home/jovyan/slowfast/data/RWF2000/Fight/F_796.avi,0
/home/jovyan/slowfast/data/RWF2000/Fight/F_168.avi,0
/home/jovyan/slowfast/data/RWF2000/NoFight/NF_195.avi,1
/home/jovyan/slowfast/data/RWF2000/NoFight/NF_159.avi,1
/home/jovyan/slowfast/data/RWF2000/Fight/F_437.avi,0
/home/jovyan/slowfast/data/RWF2000/Fight/F_392.avi,0
/home/jovyan/slowfast/data/RWF2000/Fight/F_739.avi,0
/home/jovyan/slowfast/data/RWF2000/NoFight/NF_50.avi,1
/home/jovyan/slowfast/data/RWF2000/NoFight/NF_637.avi,1
/home/jovyan/slowfast/data/RWF2000/Fight/F_420.avi,0
/home/jovyan/slowfast/data/RWF2000/NoFight/NF_753.avi,1
/home/jovyan/slowfast/data/RWF2000/Fight/F_771.avi,0
/home/jovyan/slowfast/data/RWF2000/Fight/F_452.avi,0
/home/jovyan/slowfast/data/RWF2000/Fight/F_60.avi,0
/home/jovyan/slowfast/data/RWF2000/Fight/F_178.avi,0
/home/jovyan/slowfast/data/RWF2000/NoFight/NF_423.avi,1
/home/jovyan/slowfast/data/RWF2000/Fight/F_454.avi,0
/home/jovyan/slowfast/data/RWF2000/NoFight/NF_721.avi,1
/home/jovyan/slowfast/data/RWF2000/NoFight/NF_57.avi,1
/home/jovyan/slowfast/data/RWF2000/Fight/F_394.avi,0
/home/jovyan/slowfast/data/RWF2000/NoFight/NF_716.avi,1
/home/jovyan/slowfast/data/RWF2000/NoFight/NF_727.avi,1
/home/jovyan/slowfast/data/RWF2000/NoFight/NF_643.avi,1
/home/jovyan/slowfast/data/RWF2000/NoFight/NF_495.avi,1
