/home/jovyan/slowfast/data/Bus/NoFight/NONVIOLENCE_3458.mp4,1
/home/jovyan/slowfast/data/Bus/Fight/VIOLENCE_122.mp4,0
/home/jovyan/slowfast/data/Bus/NoFight/NONVIOLENCE_3170.mp4,1
/home/jovyan/slowfast/data/Bus/Fight/VIOLENCE_663.mp4,0
/home/jovyan/slowfast/data/Bus/Fight/VIOLENCE_601.mp4,0
/home/jovyan/slowfast/data/Bus/NoFight/NONVIOLENCE_2806.mp4,1
/home/jovyan/slowfast/data/Bus/Fight/VIOLENCE_670.mp4,0
/home/jovyan/slowfast/data/Bus/Fight/VIOLENCE_739.mp4,0
/home/jovyan/slowfast/data/Bus/Fight/VIOLENCE_224.mp4,0
/home/jovyan/slowfast/data/Bus/Fight/VIOLENCE_1191.mp4,0
/home/jovyan/slowfast/data/Bus/Fight/VIOLENCE_726.mp4,0
/home/jovyan/slowfast/data/Bus/Fight/VIOLENCE_267.mp4,0
/home/jovyan/slowfast/data/Bus/NoFight/NONVIOLENCE_3792.mp4,1
/home/jovyan/slowfast/data/Bus/Fight/VIOLENCE_714.mp4,0
/home/jovyan/slowfast/data/Bus/Fight/VIOLENCE_271.mp4,0
/home/jovyan/slowfast/data/Bus/Fight/VIOLENCE_367.mp4,0
/home/jovyan/slowfast/data/Bus/NoFight/NONVIOLENCE_1215.mp4,1
/home/jovyan/slowfast/data/Bus/Fight/VIOLENCE_636.mp4,0
/home/jovyan/slowfast/data/Bus/NoFight/NONVIOLENCE_1372.mp4,1
/home/jovyan/slowfast/data/Bus/NoFight/NONVIOLENCE_363.mp4,1
/home/jovyan/slowfast/data/Bus/Fight/VIOLENCE_433.mp4,0
/home/jovyan/slowfast/data/Bus/NoFight/NONVIOLENCE_3171.mp4,1
/home/jovyan/slowfast/data/Bus/NoFight/NONVIOLENCE_339.mp4,1
/home/jovyan/slowfast/data/Bus/NoFight/NONVIOLENCE_1283.mp4,1
/home/jovyan/slowfast/data/Bus/Fight/VIOLENCE_779.mp4,0
/home/jovyan/slowfast/data/Bus/Fight/VIOLENCE_319.mp4,0
/home/jovyan/slowfast/data/Bus/NoFight/NONVIOLENCE_1303.mp4,1
/home/jovyan/slowfast/data/Bus/NoFight/NONVIOLENCE_144.mp4,1
/home/jovyan/slowfast/data/Bus/NoFight/NONVIOLENCE_3317.mp4,1
/home/jovyan/slowfast/data/Bus/NoFight/NONVIOLENCE_3490.mp4,1
/home/jovyan/slowfast/data/Bus/NoFight/NONVIOLENCE_3447.mp4,1
/home/jovyan/slowfast/data/Bus/NoFight/NONVIOLENCE_2449.mp4,1
/home/jovyan/slowfast/data/Bus/Fight/VIOLENCE_1071.mp4,0
/home/jovyan/slowfast/data/Bus/NoFight/NONVIOLENCE_1378.mp4,1
/home/jovyan/slowfast/data/Bus/NoFight/NONVIOLENCE_3595.mp4,1
/home/jovyan/slowfast/data/Bus/NoFight/NONVIOLENCE_2994.mp4,1
/home/jovyan/slowfast/data/Bus/Fight/VIOLENCE_1179.mp4,0
/home/jovyan/slowfast/data/Bus/Fight/VIOLENCE_311.mp4,0
/home/jovyan/slowfast/data/Bus/NoFight/NONVIOLENCE_3391.mp4,1
/home/jovyan/slowfast/data/Bus/Fight/VIOLENCE_648.mp4,0
/home/jovyan/slowfast/data/Bus/Fight/VIOLENCE_372.mp4,0
/home/jovyan/slowfast/data/Bus/Fight/VIOLENCE_408.mp4,0
/home/jovyan/slowfast/data/Bus/Fight/VIOLENCE_11.mp4,0
/home/jovyan/slowfast/data/Bus/Fight/VIOLENCE_390.mp4,0
/home/jovyan/slowfast/data/Bus/NoFight/NONVIOLENCE_148.mp4,1
/home/jovyan/slowfast/data/Bus/NoFight/NONVIOLENCE_3575.mp4,1
/home/jovyan/slowfast/data/Bus/Fight/VIOLENCE_255.mp4,0
/home/jovyan/slowfast/data/Bus/Fight/VIOLENCE_1000.mp4,0
/home/jovyan/slowfast/data/Bus/NoFight/NONVIOLENCE_2572.mp4,1
/home/jovyan/slowfast/data/Bus/NoFight/NONVIOLENCE_2617.mp4,1
/home/jovyan/slowfast/data/Bus/NoFight/NONVIOLENCE_1472.mp4,1
/home/jovyan/slowfast/data/Bus/Fight/VIOLENCE_1186.mp4,0
/home/jovyan/slowfast/data/Bus/Fight/VIOLENCE_776.mp4,0
/home/jovyan/slowfast/data/Bus/NoFight/NONVIOLENCE_2774.mp4,1
/home/jovyan/slowfast/data/Bus/NoFight/NONVIOLENCE_2331.mp4,1
/home/jovyan/slowfast/data/Bus/NoFight/NONVIOLENCE_276.mp4,1
/home/jovyan/slowfast/data/Bus/Fight/VIOLENCE_302.mp4,0
/home/jovyan/slowfast/data/Bus/Fight/VIOLENCE_462.mp4,0
/home/jovyan/slowfast/data/Bus/NoFight/NONVIOLENCE_1599.mp4,1
/home/jovyan/slowfast/data/Bus/Fight/VIOLENCE_1127.mp4,0
/home/jovyan/slowfast/data/Bus/Fight/VIOLENCE_60.mp4,0
/home/jovyan/slowfast/data/Bus/Fight/VIOLENCE_702.mp4,0
/home/jovyan/slowfast/data/Bus/Fight/VIOLENCE_743.mp4,0
/home/jovyan/slowfast/data/Bus/NoFight/NONVIOLENCE_3295.mp4,1
/home/jovyan/slowfast/data/Bus/NoFight/NONVIOLENCE_3682.mp4,1
/home/jovyan/slowfast/data/Bus/NoFight/NONVIOLENCE_1273.mp4,1
/home/jovyan/slowfast/data/Bus/NoFight/NONVIOLENCE_3473.mp4,1
/home/jovyan/slowfast/data/Bus/NoFight/NONVIOLENCE_2462.mp4,1
/home/jovyan/slowfast/data/Bus/NoFight/NONVIOLENCE_316.mp4,1
/home/jovyan/slowfast/data/Bus/NoFight/NONVIOLENCE_1382.mp4,1
/home/jovyan/slowfast/data/Bus/Fight/VIOLENCE_374.mp4,0
/home/jovyan/slowfast/data/Bus/NoFight/NONVIOLENCE_2574.mp4,1
/home/jovyan/slowfast/data/Bus/NoFight/NONVIOLENCE_319.mp4,1
/home/jovyan/slowfast/data/Bus/NoFight/NONVIOLENCE_3251.mp4,1
/home/jovyan/slowfast/data/Bus/Fight/VIOLENCE_500.mp4,0
/home/jovyan/slowfast/data/Bus/Fight/VIOLENCE_447.mp4,0
/home/jovyan/slowfast/data/Bus/Fight/VIOLENCE_368.mp4,0
/home/jovyan/slowfast/data/Bus/Fight/VIOLENCE_445.mp4,0
/home/jovyan/slowfast/data/Bus/NoFight/NONVIOLENCE_2797.mp4,1
/home/jovyan/slowfast/data/Bus/NoFight/NONVIOLENCE_2447.mp4,1
/home/jovyan/slowfast/data/Bus/Fight/VIOLENCE_1046.mp4,0
/home/jovyan/slowfast/data/Bus/NoFight/NONVIOLENCE_1209.mp4,1
/home/jovyan/slowfast/data/Bus/NoFight/NONVIOLENCE_3017.mp4,1
/home/jovyan/slowfast/data/Bus/NoFight/NONVIOLENCE_3819.mp4,1
/home/jovyan/slowfast/data/Bus/Fight/VIOLENCE_1231.mp4,0
/home/jovyan/slowfast/data/Bus/NoFight/NONVIOLENCE_2416.mp4,1
/home/jovyan/slowfast/data/Bus/Fight/VIOLENCE_57.mp4,0
/home/jovyan/slowfast/data/Bus/Fight/VIOLENCE_1089.mp4,0
/home/jovyan/slowfast/data/Bus/NoFight/NONVIOLENCE_3093.mp4,1
/home/jovyan/slowfast/data/Bus/Fight/VIOLENCE_228.mp4,0
/home/jovyan/slowfast/data/Bus/NoFight/NONVIOLENCE_3082.mp4,1
/home/jovyan/slowfast/data/Bus/Fight/VIOLENCE_3.mp4,0
/home/jovyan/slowfast/data/Bus/Fight/VIOLENCE_38.mp4,0
/home/jovyan/slowfast/data/Bus/NoFight/NONVIOLENCE_2288.mp4,1
/home/jovyan/slowfast/data/Bus/Fight/VIOLENCE_424.mp4,0
/home/jovyan/slowfast/data/Bus/NoFight/NONVIOLENCE_3007.mp4,1
/home/jovyan/slowfast/data/Bus/NoFight/NONVIOLENCE_1498.mp4,1
/home/jovyan/slowfast/data/Bus/Fight/VIOLENCE_748.mp4,0
/home/jovyan/slowfast/data/Bus/NoFight/NONVIOLENCE_2653.mp4,1
/home/jovyan/slowfast/data/Bus/NoFight/NONVIOLENCE_3817.mp4,1
/home/jovyan/slowfast/data/Bus/Fight/VIOLENCE_501.mp4,0
/home/jovyan/slowfast/data/Bus/Fight/VIOLENCE_276.mp4,0
/home/jovyan/slowfast/data/Bus/Fight/VIOLENCE_634.mp4,0
/home/jovyan/slowfast/data/Bus/NoFight/NONVIOLENCE_2744.mp4,1
/home/jovyan/slowfast/data/Bus/NoFight/NONVIOLENCE_266.mp4,1
/home/jovyan/slowfast/data/Bus/Fight/VIOLENCE_673.mp4,0
/home/jovyan/slowfast/data/Bus/Fight/VIOLENCE_321.mp4,0
/home/jovyan/slowfast/data/Bus/NoFight/NONVIOLENCE_2533.mp4,1
/home/jovyan/slowfast/data/Bus/Fight/VIOLENCE_303.mp4,0
/home/jovyan/slowfast/data/Bus/Fight/VIOLENCE_576.mp4,0
/home/jovyan/slowfast/data/Bus/NoFight/NONVIOLENCE_3200.mp4,1
/home/jovyan/slowfast/data/Bus/Fight/VIOLENCE_1226.mp4,0
/home/jovyan/slowfast/data/Bus/Fight/VIOLENCE_767.mp4,0
/home/jovyan/slowfast/data/Bus/Fight/VIOLENCE_1072.mp4,0
/home/jovyan/slowfast/data/Bus/NoFight/NONVIOLENCE_3721.mp4,1
/home/jovyan/slowfast/data/Bus/Fight/VIOLENCE_414.mp4,0
/home/jovyan/slowfast/data/Bus/Fight/VIOLENCE_229.mp4,0
/home/jovyan/slowfast/data/Bus/NoFight/NONVIOLENCE_100.mp4,1
/home/jovyan/slowfast/data/Bus/Fight/VIOLENCE_261.mp4,0
/home/jovyan/slowfast/data/Bus/NoFight/NONVIOLENCE_3144.mp4,1
/home/jovyan/slowfast/data/Bus/NoFight/NONVIOLENCE_3513.mp4,1
/home/jovyan/slowfast/data/Bus/Fight/VIOLENCE_266.mp4,0
/home/jovyan/slowfast/data/Bus/NoFight/NONVIOLENCE_2394.mp4,1
/home/jovyan/slowfast/data/Bus/Fight/VIOLENCE_461.mp4,0
/home/jovyan/slowfast/data/Bus/Fight/VIOLENCE_1023.mp4,0
/home/jovyan/slowfast/data/Bus/Fight/VIOLENCE_108.mp4,0
/home/jovyan/slowfast/data/Bus/NoFight/NONVIOLENCE_2757.mp4,1
/home/jovyan/slowfast/data/Bus/NoFight/NONVIOLENCE_2814.mp4,1
/home/jovyan/slowfast/data/Bus/Fight/VIOLENCE_753.mp4,0
/home/jovyan/slowfast/data/Bus/NoFight/NONVIOLENCE_1494.mp4,1
/home/jovyan/slowfast/data/Bus/NoFight/NONVIOLENCE_3343.mp4,1
/home/jovyan/slowfast/data/Bus/NoFight/NONVIOLENCE_2828.mp4,1
/home/jovyan/slowfast/data/Bus/Fight/VIOLENCE_324.mp4,0
/home/jovyan/slowfast/data/Bus/NoFight/NONVIOLENCE_2457.mp4,1
/home/jovyan/slowfast/data/Bus/Fight/VIOLENCE_340.mp4,0
/home/jovyan/slowfast/data/Bus/NoFight/NONVIOLENCE_3437.mp4,1
/home/jovyan/slowfast/data/Bus/NoFight/NONVIOLENCE_3065.mp4,1
/home/jovyan/slowfast/data/Bus/Fight/VIOLENCE_247.mp4,0
/home/jovyan/slowfast/data/Bus/NoFight/NONVIOLENCE_2705.mp4,1
/home/jovyan/slowfast/data/Bus/Fight/VIOLENCE_504.mp4,0
/home/jovyan/slowfast/data/Bus/NoFight/NONVIOLENCE_3032.mp4,1
/home/jovyan/slowfast/data/Bus/Fight/VIOLENCE_405.mp4,0
/home/jovyan/slowfast/data/Bus/Fight/VIOLENCE_681.mp4,0
/home/jovyan/slowfast/data/Bus/NoFight/NONVIOLENCE_3803.mp4,1
/home/jovyan/slowfast/data/Bus/NoFight/NONVIOLENCE_3590.mp4,1
/home/jovyan/slowfast/data/Bus/NoFight/NONVIOLENCE_3677.mp4,1
/home/jovyan/slowfast/data/Bus/Fight/VIOLENCE_573.mp4,0
/home/jovyan/slowfast/data/Bus/NoFight/NONVIOLENCE_3633.mp4,1
/home/jovyan/slowfast/data/Bus/Fight/VIOLENCE_523.mp4,0
/home/jovyan/slowfast/data/Bus/Fight/VIOLENCE_1100.mp4,0
/home/jovyan/slowfast/data/Bus/NoFight/NONVIOLENCE_3705.mp4,1
/home/jovyan/slowfast/data/Bus/Fight/VIOLENCE_370.mp4,0
/home/jovyan/slowfast/data/Bus/NoFight/NONVIOLENCE_3467.mp4,1
/home/jovyan/slowfast/data/Bus/Fight/VIOLENCE_1024.mp4,0
/home/jovyan/slowfast/data/Bus/NoFight/NONVIOLENCE_1532.mp4,1
/home/jovyan/slowfast/data/Bus/Fight/VIOLENCE_674.mp4,0
/home/jovyan/slowfast/data/Bus/NoFight/NONVIOLENCE_3223.mp4,1
/home/jovyan/slowfast/data/Bus/NoFight/NONVIOLENCE_1176.mp4,1
/home/jovyan/slowfast/data/Bus/NoFight/NONVIOLENCE_360.mp4,1
/home/jovyan/slowfast/data/Bus/NoFight/NONVIOLENCE_3576.mp4,1
/home/jovyan/slowfast/data/Bus/Fight/VIOLENCE_574.mp4,0
/home/jovyan/slowfast/data/Bus/NoFight/NONVIOLENCE_3507.mp4,1
/home/jovyan/slowfast/data/Bus/NoFight/NONVIOLENCE_1554.mp4,1
/home/jovyan/slowfast/data/Bus/NoFight/NONVIOLENCE_2520.mp4,1
/home/jovyan/slowfast/data/Bus/NoFight/NONVIOLENCE_1262.mp4,1
/home/jovyan/slowfast/data/Bus/Fight/VIOLENCE_24.mp4,0
/home/jovyan/slowfast/data/Bus/Fight/VIOLENCE_359.mp4,0
/home/jovyan/slowfast/data/Bus/NoFight/NONVIOLENCE_1417.mp4,1
/home/jovyan/slowfast/data/Bus/Fight/VIOLENCE_70.mp4,0
/home/jovyan/slowfast/data/Bus/NoFight/NONVIOLENCE_3457.mp4,1
/home/jovyan/slowfast/data/Bus/NoFight/NONVIOLENCE_2360.mp4,1
/home/jovyan/slowfast/data/Bus/Fight/VIOLENCE_521.mp4,0
/home/jovyan/slowfast/data/Bus/Fight/VIOLENCE_273.mp4,0
/home/jovyan/slowfast/data/Bus/Fight/VIOLENCE_1215.mp4,0
/home/jovyan/slowfast/data/Bus/Fight/VIOLENCE_514.mp4,0
/home/jovyan/slowfast/data/Bus/Fight/VIOLENCE_1163.mp4,0
/home/jovyan/slowfast/data/Bus/Fight/VIOLENCE_1187.mp4,0
/home/jovyan/slowfast/data/Bus/NoFight/NONVIOLENCE_3525.mp4,1
/home/jovyan/slowfast/data/Bus/Fight/VIOLENCE_58.mp4,0
/home/jovyan/slowfast/data/Bus/NoFight/NONVIOLENCE_2838.mp4,1
/home/jovyan/slowfast/data/Bus/Fight/VIOLENCE_1047.mp4,0
/home/jovyan/slowfast/data/Bus/Fight/VIOLENCE_738.mp4,0
/home/jovyan/slowfast/data/Bus/Fight/VIOLENCE_402.mp4,0
/home/jovyan/slowfast/data/Bus/Fight/VIOLENCE_1030.mp4,0
/home/jovyan/slowfast/data/Bus/Fight/VIOLENCE_1138.mp4,0
/home/jovyan/slowfast/data/Bus/NoFight/NONVIOLENCE_1458.mp4,1
/home/jovyan/slowfast/data/Bus/NoFight/NONVIOLENCE_1446.mp4,1
/home/jovyan/slowfast/data/Bus/NoFight/NONVIOLENCE_3415.mp4,1
/home/jovyan/slowfast/data/Bus/NoFight/NONVIOLENCE_2924.mp4,1
/home/jovyan/slowfast/data/Bus/Fight/VIOLENCE_66.mp4,0
/home/jovyan/slowfast/data/Bus/Fight/VIOLENCE_730.mp4,0
/home/jovyan/slowfast/data/Bus/NoFight/NONVIOLENCE_152.mp4,1
/home/jovyan/slowfast/data/Bus/Fight/VIOLENCE_1040.mp4,0
/home/jovyan/slowfast/data/Bus/NoFight/NONVIOLENCE_3158.mp4,1
/home/jovyan/slowfast/data/Bus/Fight/VIOLENCE_746.mp4,0
/home/jovyan/slowfast/data/Bus/NoFight/NONVIOLENCE_3366.mp4,1
/home/jovyan/slowfast/data/Bus/NoFight/NONVIOLENCE_2483.mp4,1
/home/jovyan/slowfast/data/Bus/NoFight/NONVIOLENCE_3548.mp4,1
/home/jovyan/slowfast/data/Bus/Fight/VIOLENCE_36.mp4,0
/home/jovyan/slowfast/data/Bus/NoFight/NONVIOLENCE_3417.mp4,1
/home/jovyan/slowfast/data/Bus/Fight/VIOLENCE_633.mp4,0
/home/jovyan/slowfast/data/Bus/Fight/VIOLENCE_1081.mp4,0
/home/jovyan/slowfast/data/Bus/Fight/VIOLENCE_677.mp4,0
/home/jovyan/slowfast/data/Bus/Fight/VIOLENCE_345.mp4,0
/home/jovyan/slowfast/data/Bus/Fight/VIOLENCE_463.mp4,0
/home/jovyan/slowfast/data/Bus/Fight/VIOLENCE_1066.mp4,0
/home/jovyan/slowfast/data/Bus/NoFight/NONVIOLENCE_1039.mp4,1
/home/jovyan/slowfast/data/Bus/Fight/VIOLENCE_77.mp4,0
/home/jovyan/slowfast/data/Bus/Fight/VIOLENCE_103.mp4,0
/home/jovyan/slowfast/data/Bus/Fight/VIOLENCE_750.mp4,0
/home/jovyan/slowfast/data/Bus/Fight/VIOLENCE_337.mp4,0
/home/jovyan/slowfast/data/Bus/Fight/VIOLENCE_741.mp4,0
/home/jovyan/slowfast/data/Bus/Fight/VIOLENCE_559.mp4,0
/home/jovyan/slowfast/data/Bus/Fight/VIOLENCE_1144.mp4,0
/home/jovyan/slowfast/data/Bus/Fight/VIOLENCE_406.mp4,0
/home/jovyan/slowfast/data/Bus/Fight/VIOLENCE_772.mp4,0
/home/jovyan/slowfast/data/Bus/Fight/VIOLENCE_774.mp4,0
/home/jovyan/slowfast/data/Bus/Fight/VIOLENCE_334.mp4,0
/home/jovyan/slowfast/data/Bus/NoFight/NONVIOLENCE_1488.mp4,1
/home/jovyan/slowfast/data/Bus/NoFight/NONVIOLENCE_3148.mp4,1
/home/jovyan/slowfast/data/Bus/NoFight/NONVIOLENCE_1416.mp4,1
/home/jovyan/slowfast/data/Bus/Fight/VIOLENCE_494.mp4,0
/home/jovyan/slowfast/data/Bus/Fight/VIOLENCE_1200.mp4,0
/home/jovyan/slowfast/data/Bus/Fight/VIOLENCE_1198.mp4,0
/home/jovyan/slowfast/data/Bus/Fight/VIOLENCE_240.mp4,0
/home/jovyan/slowfast/data/Bus/NoFight/NONVIOLENCE_2399.mp4,1
/home/jovyan/slowfast/data/Bus/Fight/VIOLENCE_1194.mp4,0
/home/jovyan/slowfast/data/Bus/Fight/VIOLENCE_1020.mp4,0
/home/jovyan/slowfast/data/Bus/Fight/VIOLENCE_635.mp4,0
/home/jovyan/slowfast/data/Bus/Fight/VIOLENCE_312.mp4,0
/home/jovyan/slowfast/data/Bus/Fight/VIOLENCE_237.mp4,0
/home/jovyan/slowfast/data/Bus/NoFight/NONVIOLENCE_3529.mp4,1
/home/jovyan/slowfast/data/Bus/NoFight/NONVIOLENCE_3332.mp4,1
/home/jovyan/slowfast/data/Bus/Fight/VIOLENCE_561.mp4,0
/home/jovyan/slowfast/data/Bus/Fight/VIOLENCE_588.mp4,0
/home/jovyan/slowfast/data/Bus/Fight/VIOLENCE_632.mp4,0
/home/jovyan/slowfast/data/Bus/Fight/VIOLENCE_231.mp4,0
/home/jovyan/slowfast/data/Bus/Fight/VIOLENCE_407.mp4,0
/home/jovyan/slowfast/data/Bus/Fight/VIOLENCE_1008.mp4,0
/home/jovyan/slowfast/data/Bus/Fight/VIOLENCE_322.mp4,0
/home/jovyan/slowfast/data/Bus/NoFight/NONVIOLENCE_2647.mp4,1
/home/jovyan/slowfast/data/Bus/Fight/VIOLENCE_704.mp4,0
/home/jovyan/slowfast/data/Bus/NoFight/NONVIOLENCE_2889.mp4,1
/home/jovyan/slowfast/data/Bus/NoFight/NONVIOLENCE_3591.mp4,1
/home/jovyan/slowfast/data/Bus/NoFight/NONVIOLENCE_2345.mp4,1
/home/jovyan/slowfast/data/Bus/Fight/VIOLENCE_289.mp4,0
/home/jovyan/slowfast/data/Bus/NoFight/NONVIOLENCE_1030.mp4,1
/home/jovyan/slowfast/data/Bus/Fight/VIOLENCE_393.mp4,0
/home/jovyan/slowfast/data/Bus/Fight/VIOLENCE_421.mp4,0
/home/jovyan/slowfast/data/Bus/Fight/VIOLENCE_388.mp4,0
/home/jovyan/slowfast/data/Bus/NoFight/NONVIOLENCE_3038.mp4,1
/home/jovyan/slowfast/data/Bus/Fight/VIOLENCE_697.mp4,0
/home/jovyan/slowfast/data/Bus/Fight/VIOLENCE_325.mp4,0
/home/jovyan/slowfast/data/Bus/Fight/VIOLENCE_528.mp4,0
/home/jovyan/slowfast/data/Bus/NoFight/NONVIOLENCE_3370.mp4,1
/home/jovyan/slowfast/data/Bus/NoFight/NONVIOLENCE_3106.mp4,1
/home/jovyan/slowfast/data/Bus/Fight/VIOLENCE_441.mp4,0
/home/jovyan/slowfast/data/Bus/NoFight/NONVIOLENCE_3685.mp4,1
/home/jovyan/slowfast/data/Bus/Fight/VIOLENCE_590.mp4,0
/home/jovyan/slowfast/data/Bus/Fight/VIOLENCE_260.mp4,0
/home/jovyan/slowfast/data/Bus/Fight/VIOLENCE_422.mp4,0
/home/jovyan/slowfast/data/Bus/Fight/VIOLENCE_1044.mp4,0
/home/jovyan/slowfast/data/Bus/NoFight/NONVIOLENCE_3617.mp4,1
/home/jovyan/slowfast/data/Bus/Fight/VIOLENCE_68.mp4,0
/home/jovyan/slowfast/data/Bus/NoFight/NONVIOLENCE_3801.mp4,1
/home/jovyan/slowfast/data/Bus/Fight/VIOLENCE_498.mp4,0
/home/jovyan/slowfast/data/Bus/NoFight/NONVIOLENCE_2953.mp4,1
/home/jovyan/slowfast/data/Bus/Fight/VIOLENCE_241.mp4,0
/home/jovyan/slowfast/data/Bus/NoFight/NONVIOLENCE_3514.mp4,1
/home/jovyan/slowfast/data/Bus/NoFight/NONVIOLENCE_1505.mp4,1
/home/jovyan/slowfast/data/Bus/Fight/VIOLENCE_294.mp4,0
/home/jovyan/slowfast/data/Bus/NoFight/NONVIOLENCE_2967.mp4,1
/home/jovyan/slowfast/data/Bus/NoFight/NONVIOLENCE_3807.mp4,1
/home/jovyan/slowfast/data/Bus/NoFight/NONVIOLENCE_1024.mp4,1
/home/jovyan/slowfast/data/Bus/Fight/VIOLENCE_742.mp4,0
/home/jovyan/slowfast/data/Bus/Fight/VIOLENCE_1045.mp4,0
/home/jovyan/slowfast/data/Bus/NoFight/NONVIOLENCE_1054.mp4,1
/home/jovyan/slowfast/data/Bus/Fight/VIOLENCE_595.mp4,0
/home/jovyan/slowfast/data/Bus/Fight/VIOLENCE_458.mp4,0
/home/jovyan/slowfast/data/Bus/NoFight/NONVIOLENCE_133.mp4,1
/home/jovyan/slowfast/data/Bus/NoFight/NONVIOLENCE_107.mp4,1
/home/jovyan/slowfast/data/Bus/Fight/VIOLENCE_675.mp4,0
/home/jovyan/slowfast/data/Bus/Fight/VIOLENCE_344.mp4,0
/home/jovyan/slowfast/data/Bus/Fight/VIOLENCE_330.mp4,0
/home/jovyan/slowfast/data/Bus/NoFight/NONVIOLENCE_2575.mp4,1
/home/jovyan/slowfast/data/Bus/NoFight/NONVIOLENCE_2664.mp4,1
/home/jovyan/slowfast/data/Bus/NoFight/NONVIOLENCE_2833.mp4,1
/home/jovyan/slowfast/data/Bus/NoFight/NONVIOLENCE_352.mp4,1
/home/jovyan/slowfast/data/Bus/Fight/VIOLENCE_508.mp4,0
/home/jovyan/slowfast/data/Bus/NoFight/NONVIOLENCE_2260.mp4,1
/home/jovyan/slowfast/data/Bus/Fight/VIOLENCE_737.mp4,0
/home/jovyan/slowfast/data/Bus/Fight/VIOLENCE_456.mp4,0
/home/jovyan/slowfast/data/Bus/NoFight/NONVIOLENCE_2839.mp4,1
/home/jovyan/slowfast/data/Bus/NoFight/NONVIOLENCE_2662.mp4,1
/home/jovyan/slowfast/data/Bus/Fight/VIOLENCE_623.mp4,0
/home/jovyan/slowfast/data/Bus/NoFight/NONVIOLENCE_2463.mp4,1
/home/jovyan/slowfast/data/Bus/NoFight/NONVIOLENCE_3373.mp4,1
/home/jovyan/slowfast/data/Bus/NoFight/NONVIOLENCE_1226.mp4,1
/home/jovyan/slowfast/data/Bus/Fight/VIOLENCE_373.mp4,0
/home/jovyan/slowfast/data/Bus/NoFight/NONVIOLENCE_3310.mp4,1
/home/jovyan/slowfast/data/Bus/Fight/VIOLENCE_104.mp4,0
/home/jovyan/slowfast/data/Bus/Fight/VIOLENCE_308.mp4,0
/home/jovyan/slowfast/data/Bus/Fight/VIOLENCE_637.mp4,0
/home/jovyan/slowfast/data/Bus/NoFight/NONVIOLENCE_1567.mp4,1
/home/jovyan/slowfast/data/Bus/Fight/VIOLENCE_102.mp4,0
/home/jovyan/slowfast/data/Bus/Fight/VIOLENCE_107.mp4,0
/home/jovyan/slowfast/data/Bus/NoFight/NONVIOLENCE_2919.mp4,1
/home/jovyan/slowfast/data/Bus/Fight/VIOLENCE_226.mp4,0
/home/jovyan/slowfast/data/Bus/Fight/VIOLENCE_1208.mp4,0
/home/jovyan/slowfast/data/Bus/NoFight/NONVIOLENCE_2409.mp4,1
/home/jovyan/slowfast/data/Bus/NoFight/NONVIOLENCE_2346.mp4,1
/home/jovyan/slowfast/data/Bus/NoFight/NONVIOLENCE_2933.mp4,1
/home/jovyan/slowfast/data/Bus/NoFight/NONVIOLENCE_3243.mp4,1
/home/jovyan/slowfast/data/Bus/NoFight/NONVIOLENCE_1142.mp4,1
/home/jovyan/slowfast/data/Bus/NoFight/NONVIOLENCE_1506.mp4,1
/home/jovyan/slowfast/data/Bus/NoFight/NONVIOLENCE_1555.mp4,1
/home/jovyan/slowfast/data/Bus/NoFight/NONVIOLENCE_3797.mp4,1
/home/jovyan/slowfast/data/Bus/Fight/VIOLENCE_1049.mp4,0
/home/jovyan/slowfast/data/Bus/Fight/VIOLENCE_698.mp4,0
/home/jovyan/slowfast/data/Bus/Fight/VIOLENCE_1205.mp4,0
/home/jovyan/slowfast/data/Bus/NoFight/NONVIOLENCE_1544.mp4,1
/home/jovyan/slowfast/data/Bus/Fight/VIOLENCE_1159.mp4,0
/home/jovyan/slowfast/data/Bus/NoFight/NONVIOLENCE_2755.mp4,1
/home/jovyan/slowfast/data/Bus/Fight/VIOLENCE_426.mp4,0
/home/jovyan/slowfast/data/Bus/NoFight/NONVIOLENCE_2458.mp4,1
/home/jovyan/slowfast/data/Bus/NoFight/NONVIOLENCE_3053.mp4,1
/home/jovyan/slowfast/data/Bus/Fight/VIOLENCE_552.mp4,0
/home/jovyan/slowfast/data/Bus/NoFight/NONVIOLENCE_296.mp4,1
/home/jovyan/slowfast/data/Bus/NoFight/NONVIOLENCE_3730.mp4,1
/home/jovyan/slowfast/data/Bus/NoFight/NONVIOLENCE_3619.mp4,1
/home/jovyan/slowfast/data/Bus/NoFight/NONVIOLENCE_2618.mp4,1
/home/jovyan/slowfast/data/Bus/NoFight/NONVIOLENCE_2841.mp4,1
/home/jovyan/slowfast/data/Bus/Fight/VIOLENCE_650.mp4,0
/home/jovyan/slowfast/data/Bus/Fight/VIOLENCE_34.mp4,0
/home/jovyan/slowfast/data/Bus/NoFight/NONVIOLENCE_1160.mp4,1
/home/jovyan/slowfast/data/Bus/Fight/VIOLENCE_23.mp4,0
/home/jovyan/slowfast/data/Bus/Fight/VIOLENCE_699.mp4,0
/home/jovyan/slowfast/data/Bus/NoFight/NONVIOLENCE_3157.mp4,1
/home/jovyan/slowfast/data/Bus/NoFight/NONVIOLENCE_2754.mp4,1
/home/jovyan/slowfast/data/Bus/NoFight/NONVIOLENCE_382.mp4,1
/home/jovyan/slowfast/data/Bus/Fight/VIOLENCE_507.mp4,0
/home/jovyan/slowfast/data/Bus/NoFight/NONVIOLENCE_1013.mp4,1
/home/jovyan/slowfast/data/Bus/Fight/VIOLENCE_519.mp4,0
/home/jovyan/slowfast/data/Bus/NoFight/NONVIOLENCE_3369.mp4,1
/home/jovyan/slowfast/data/Bus/Fight/VIOLENCE_723.mp4,0
/home/jovyan/slowfast/data/Bus/Fight/VIOLENCE_401.mp4,0
/home/jovyan/slowfast/data/Bus/NoFight/NONVIOLENCE_1486.mp4,1
/home/jovyan/slowfast/data/Bus/Fight/VIOLENCE_502.mp4,0
/home/jovyan/slowfast/data/Bus/NoFight/NONVIOLENCE_2891.mp4,1
/home/jovyan/slowfast/data/Bus/NoFight/NONVIOLENCE_3325.mp4,1
/home/jovyan/slowfast/data/Bus/Fight/VIOLENCE_256.mp4,0
/home/jovyan/slowfast/data/Bus/NoFight/NONVIOLENCE_1274.mp4,1
/home/jovyan/slowfast/data/Bus/Fight/VIOLENCE_1118.mp4,0
/home/jovyan/slowfast/data/Bus/NoFight/NONVIOLENCE_3510.mp4,1
/home/jovyan/slowfast/data/Bus/Fight/VIOLENCE_67.mp4,0
/home/jovyan/slowfast/data/Bus/NoFight/NONVIOLENCE_2734.mp4,1
/home/jovyan/slowfast/data/Bus/Fight/VIOLENCE_366.mp4,0
/home/jovyan/slowfast/data/Bus/NoFight/NONVIOLENCE_2869.mp4,1
/home/jovyan/slowfast/data/Bus/Fight/VIOLENCE_1149.mp4,0
/home/jovyan/slowfast/data/Bus/NoFight/NONVIOLENCE_3275.mp4,1
/home/jovyan/slowfast/data/Bus/Fight/VIOLENCE_643.mp4,0
/home/jovyan/slowfast/data/Bus/Fight/VIOLENCE_1075.mp4,0
/home/jovyan/slowfast/data/Bus/Fight/VIOLENCE_381.mp4,0
/home/jovyan/slowfast/data/Bus/NoFight/NONVIOLENCE_3758.mp4,1
/home/jovyan/slowfast/data/Bus/NoFight/NONVIOLENCE_1304.mp4,1
/home/jovyan/slowfast/data/Bus/NoFight/NONVIOLENCE_2758.mp4,1
/home/jovyan/slowfast/data/Bus/Fight/VIOLENCE_263.mp4,0
/home/jovyan/slowfast/data/Bus/Fight/VIOLENCE_560.mp4,0
/home/jovyan/slowfast/data/Bus/Fight/VIOLENCE_599.mp4,0
/home/jovyan/slowfast/data/Bus/Fight/VIOLENCE_548.mp4,0
/home/jovyan/slowfast/data/Bus/Fight/VIOLENCE_547.mp4,0
/home/jovyan/slowfast/data/Bus/NoFight/NONVIOLENCE_2320.mp4,1
/home/jovyan/slowfast/data/Bus/NoFight/NONVIOLENCE_366.mp4,1
/home/jovyan/slowfast/data/Bus/NoFight/NONVIOLENCE_1597.mp4,1
/home/jovyan/slowfast/data/Bus/NoFight/NONVIOLENCE_1338.mp4,1
/home/jovyan/slowfast/data/Bus/NoFight/NONVIOLENCE_24.mp4,1
/home/jovyan/slowfast/data/Bus/NoFight/NONVIOLENCE_2626.mp4,1
/home/jovyan/slowfast/data/Bus/Fight/VIOLENCE_558.mp4,0
/home/jovyan/slowfast/data/Bus/Fight/VIOLENCE_301.mp4,0
/home/jovyan/slowfast/data/Bus/Fight/VIOLENCE_283.mp4,0
/home/jovyan/slowfast/data/Bus/NoFight/NONVIOLENCE_344.mp4,1
/home/jovyan/slowfast/data/Bus/Fight/VIOLENCE_649.mp4,0
/home/jovyan/slowfast/data/Bus/NoFight/NONVIOLENCE_231.mp4,1
/home/jovyan/slowfast/data/Bus/NoFight/NONVIOLENCE_2655.mp4,1
/home/jovyan/slowfast/data/Bus/NoFight/NONVIOLENCE_2753.mp4,1
/home/jovyan/slowfast/data/Bus/Fight/VIOLENCE_680.mp4,0
/home/jovyan/slowfast/data/Bus/NoFight/NONVIOLENCE_1596.mp4,1
/home/jovyan/slowfast/data/Bus/Fight/VIOLENCE_10.mp4,0
/home/jovyan/slowfast/data/Bus/NoFight/NONVIOLENCE_3122.mp4,1
/home/jovyan/slowfast/data/Bus/NoFight/NONVIOLENCE_2422.mp4,1
/home/jovyan/slowfast/data/Bus/NoFight/NONVIOLENCE_364.mp4,1
/home/jovyan/slowfast/data/Bus/NoFight/NONVIOLENCE_1258.mp4,1
/home/jovyan/slowfast/data/Bus/NoFight/NONVIOLENCE_3016.mp4,1
/home/jovyan/slowfast/data/Bus/NoFight/NONVIOLENCE_253.mp4,1
/home/jovyan/slowfast/data/Bus/Fight/VIOLENCE_605.mp4,0
/home/jovyan/slowfast/data/Bus/Fight/VIOLENCE_327.mp4,0
/home/jovyan/slowfast/data/Bus/Fight/VIOLENCE_618.mp4,0
/home/jovyan/slowfast/data/Bus/Fight/VIOLENCE_236.mp4,0
/home/jovyan/slowfast/data/Bus/Fight/VIOLENCE_413.mp4,0
/home/jovyan/slowfast/data/Bus/Fight/VIOLENCE_1117.mp4,0
/home/jovyan/slowfast/data/Bus/Fight/VIOLENCE_606.mp4,0
/home/jovyan/slowfast/data/Bus/NoFight/NONVIOLENCE_1163.mp4,1
/home/jovyan/slowfast/data/Bus/NoFight/NONVIOLENCE_2356.mp4,1
/home/jovyan/slowfast/data/Bus/Fight/VIOLENCE_272.mp4,0
/home/jovyan/slowfast/data/Bus/NoFight/NONVIOLENCE_2736.mp4,1
/home/jovyan/slowfast/data/Bus/NoFight/NONVIOLENCE_3305.mp4,1
/home/jovyan/slowfast/data/Bus/NoFight/NONVIOLENCE_1345.mp4,1
/home/jovyan/slowfast/data/Bus/Fight/VIOLENCE_338.mp4,0
/home/jovyan/slowfast/data/Bus/Fight/VIOLENCE_56.mp4,0
/home/jovyan/slowfast/data/Bus/NoFight/NONVIOLENCE_2932.mp4,1
/home/jovyan/slowfast/data/Bus/NoFight/NONVIOLENCE_3004.mp4,1
/home/jovyan/slowfast/data/Bus/Fight/VIOLENCE_693.mp4,0
/home/jovyan/slowfast/data/Bus/Fight/VIOLENCE_269.mp4,0
/home/jovyan/slowfast/data/Bus/Fight/VIOLENCE_557.mp4,0
/home/jovyan/slowfast/data/Bus/NoFight/NONVIOLENCE_1457.mp4,1
/home/jovyan/slowfast/data/Bus/Fight/VIOLENCE_1125.mp4,0
/home/jovyan/slowfast/data/Bus/Fight/VIOLENCE_482.mp4,0
/home/jovyan/slowfast/data/Bus/Fight/VIOLENCE_351.mp4,0
/home/jovyan/slowfast/data/Bus/NoFight/NONVIOLENCE_2775.mp4,1
/home/jovyan/slowfast/data/Bus/Fight/VIOLENCE_777.mp4,0
/home/jovyan/slowfast/data/Bus/NoFight/NONVIOLENCE_3220.mp4,1
/home/jovyan/slowfast/data/Bus/Fight/VIOLENCE_1230.mp4,0
/home/jovyan/slowfast/data/Bus/Fight/VIOLENCE_575.mp4,0
/home/jovyan/slowfast/data/Bus/Fight/VIOLENCE_664.mp4,0
/home/jovyan/slowfast/data/Bus/Fight/VIOLENCE_419.mp4,0
/home/jovyan/slowfast/data/Bus/Fight/VIOLENCE_442.mp4,0
/home/jovyan/slowfast/data/Bus/NoFight/NONVIOLENCE_1309.mp4,1
/home/jovyan/slowfast/data/Bus/Fight/VIOLENCE_744.mp4,0
/home/jovyan/slowfast/data/Bus/NoFight/NONVIOLENCE_2570.mp4,1
/home/jovyan/slowfast/data/Bus/NoFight/NONVIOLENCE_1155.mp4,1
/home/jovyan/slowfast/data/Bus/Fight/VIOLENCE_380.mp4,0
/home/jovyan/slowfast/data/Bus/Fight/VIOLENCE_1026.mp4,0
/home/jovyan/slowfast/data/Bus/NoFight/NONVIOLENCE_3168.mp4,1
/home/jovyan/slowfast/data/Bus/Fight/VIOLENCE_503.mp4,0
/home/jovyan/slowfast/data/Bus/Fight/VIOLENCE_394.mp4,0
/home/jovyan/slowfast/data/Bus/Fight/VIOLENCE_585.mp4,0
/home/jovyan/slowfast/data/Bus/NoFight/NONVIOLENCE_252.mp4,1
/home/jovyan/slowfast/data/Bus/NoFight/NONVIOLENCE_3790.mp4,1
/home/jovyan/slowfast/data/Bus/NoFight/NONVIOLENCE_3044.mp4,1
/home/jovyan/slowfast/data/Bus/Fight/VIOLENCE_1157.mp4,0
/home/jovyan/slowfast/data/Bus/Fight/VIOLENCE_747.mp4,0
/home/jovyan/slowfast/data/Bus/NoFight/NONVIOLENCE_1421.mp4,1
/home/jovyan/slowfast/data/Bus/NoFight/NONVIOLENCE_1439.mp4,1
/home/jovyan/slowfast/data/Bus/Fight/VIOLENCE_1055.mp4,0
/home/jovyan/slowfast/data/Bus/NoFight/NONVIOLENCE_2294.mp4,1
/home/jovyan/slowfast/data/Bus/NoFight/NONVIOLENCE_2300.mp4,1
/home/jovyan/slowfast/data/Bus/Fight/VIOLENCE_232.mp4,0
/home/jovyan/slowfast/data/Bus/Fight/VIOLENCE_522.mp4,0
/home/jovyan/slowfast/data/Bus/NoFight/NONVIOLENCE_1572.mp4,1
/home/jovyan/slowfast/data/Bus/Fight/VIOLENCE_736.mp4,0
/home/jovyan/slowfast/data/Bus/NoFight/NONVIOLENCE_1570.mp4,1
/home/jovyan/slowfast/data/Bus/Fight/VIOLENCE_1197.mp4,0
/home/jovyan/slowfast/data/Bus/NoFight/NONVIOLENCE_3504.mp4,1
/home/jovyan/slowfast/data/Bus/Fight/VIOLENCE_121.mp4,0
/home/jovyan/slowfast/data/Bus/Fight/VIOLENCE_6.mp4,0
/home/jovyan/slowfast/data/Bus/Fight/VIOLENCE_1034.mp4,0
/home/jovyan/slowfast/data/Bus/NoFight/NONVIOLENCE_3086.mp4,1
/home/jovyan/slowfast/data/Bus/NoFight/NONVIOLENCE_3489.mp4,1
/home/jovyan/slowfast/data/Bus/NoFight/NONVIOLENCE_2915.mp4,1
/home/jovyan/slowfast/data/Bus/NoFight/NONVIOLENCE_2670.mp4,1
/home/jovyan/slowfast/data/Bus/NoFight/NONVIOLENCE_303.mp4,1
/home/jovyan/slowfast/data/Bus/Fight/VIOLENCE_711.mp4,0
/home/jovyan/slowfast/data/Bus/NoFight/NONVIOLENCE_2959.mp4,1
/home/jovyan/slowfast/data/Bus/Fight/VIOLENCE_452.mp4,0
/home/jovyan/slowfast/data/Bus/NoFight/NONVIOLENCE_3231.mp4,1
/home/jovyan/slowfast/data/Bus/Fight/VIOLENCE_718.mp4,0
/home/jovyan/slowfast/data/Bus/NoFight/NONVIOLENCE_2999.mp4,1
/home/jovyan/slowfast/data/Bus/Fight/VIOLENCE_376.mp4,0
/home/jovyan/slowfast/data/Bus/Fight/VIOLENCE_1126.mp4,0
/home/jovyan/slowfast/data/Bus/NoFight/NONVIOLENCE_2627.mp4,1
/home/jovyan/slowfast/data/Bus/Fight/VIOLENCE_598.mp4,0
/home/jovyan/slowfast/data/Bus/NoFight/NONVIOLENCE_3206.mp4,1
/home/jovyan/slowfast/data/Bus/Fight/VIOLENCE_1161.mp4,0
/home/jovyan/slowfast/data/Bus/NoFight/NONVIOLENCE_1563.mp4,1
/home/jovyan/slowfast/data/Bus/NoFight/NONVIOLENCE_1069.mp4,1
/home/jovyan/slowfast/data/Bus/NoFight/NONVIOLENCE_237.mp4,1
/home/jovyan/slowfast/data/Bus/NoFight/NONVIOLENCE_3058.mp4,1
/home/jovyan/slowfast/data/Bus/Fight/VIOLENCE_617.mp4,0
/home/jovyan/slowfast/data/Bus/Fight/VIOLENCE_358.mp4,0
/home/jovyan/slowfast/data/Bus/Fight/VIOLENCE_609.mp4,0
/home/jovyan/slowfast/data/Bus/NoFight/NONVIOLENCE_2990.mp4,1
/home/jovyan/slowfast/data/Bus/NoFight/NONVIOLENCE_3665.mp4,1
/home/jovyan/slowfast/data/Bus/Fight/VIOLENCE_716.mp4,0
/home/jovyan/slowfast/data/Bus/Fight/VIOLENCE_683.mp4,0
/home/jovyan/slowfast/data/Bus/NoFight/NONVIOLENCE_1134.mp4,1
/home/jovyan/slowfast/data/Bus/NoFight/NONVIOLENCE_3281.mp4,1
/home/jovyan/slowfast/data/Bus/Fight/VIOLENCE_449.mp4,0
/home/jovyan/slowfast/data/Bus/Fight/VIOLENCE_513.mp4,0
/home/jovyan/slowfast/data/Bus/Fight/VIOLENCE_403.mp4,0
/home/jovyan/slowfast/data/Bus/Fight/VIOLENCE_700.mp4,0
/home/jovyan/slowfast/data/Bus/NoFight/NONVIOLENCE_336.mp4,1
/home/jovyan/slowfast/data/Bus/Fight/VIOLENCE_600.mp4,0
/home/jovyan/slowfast/data/Bus/NoFight/NONVIOLENCE_3694.mp4,1
/home/jovyan/slowfast/data/Bus/NoFight/NONVIOLENCE_3175.mp4,1
/home/jovyan/slowfast/data/Bus/NoFight/NONVIOLENCE_129.mp4,1
/home/jovyan/slowfast/data/Bus/NoFight/NONVIOLENCE_117.mp4,1
/home/jovyan/slowfast/data/Bus/Fight/VIOLENCE_254.mp4,0
/home/jovyan/slowfast/data/Bus/NoFight/NONVIOLENCE_3449.mp4,1
/home/jovyan/slowfast/data/Bus/Fight/VIOLENCE_553.mp4,0
/home/jovyan/slowfast/data/Bus/NoFight/NONVIOLENCE_2569.mp4,1
/home/jovyan/slowfast/data/Bus/Fight/VIOLENCE_1219.mp4,0
/home/jovyan/slowfast/data/Bus/Fight/VIOLENCE_1078.mp4,0
/home/jovyan/slowfast/data/Bus/Fight/VIOLENCE_1012.mp4,0
/home/jovyan/slowfast/data/Bus/Fight/VIOLENCE_1113.mp4,0
/home/jovyan/slowfast/data/Bus/Fight/VIOLENCE_270.mp4,0
/home/jovyan/slowfast/data/Bus/NoFight/NONVIOLENCE_1057.mp4,1
/home/jovyan/slowfast/data/Bus/NoFight/NONVIOLENCE_3156.mp4,1
/home/jovyan/slowfast/data/Bus/Fight/VIOLENCE_1147.mp4,0
/home/jovyan/slowfast/data/Bus/NoFight/NONVIOLENCE_3774.mp4,1
/home/jovyan/slowfast/data/Bus/NoFight/NONVIOLENCE_251.mp4,1
/home/jovyan/slowfast/data/Bus/Fight/VIOLENCE_1193.mp4,0
/home/jovyan/slowfast/data/Bus/Fight/VIOLENCE_562.mp4,0
/home/jovyan/slowfast/data/Bus/NoFight/NONVIOLENCE_3088.mp4,1
/home/jovyan/slowfast/data/Bus/Fight/VIOLENCE_233.mp4,0
/home/jovyan/slowfast/data/Bus/NoFight/NONVIOLENCE_2556.mp4,1
/home/jovyan/slowfast/data/Bus/NoFight/NONVIOLENCE_3177.mp4,1
/home/jovyan/slowfast/data/Bus/NoFight/NONVIOLENCE_2284.mp4,1
/home/jovyan/slowfast/data/Bus/NoFight/NONVIOLENCE_13.mp4,1
/home/jovyan/slowfast/data/Bus/NoFight/NONVIOLENCE_1552.mp4,1
/home/jovyan/slowfast/data/Bus/NoFight/NONVIOLENCE_2387.mp4,1
/home/jovyan/slowfast/data/Bus/NoFight/NONVIOLENCE_3748.mp4,1
/home/jovyan/slowfast/data/Bus/NoFight/NONVIOLENCE_3613.mp4,1
/home/jovyan/slowfast/data/Bus/NoFight/NONVIOLENCE_3626.mp4,1
/home/jovyan/slowfast/data/Bus/Fight/VIOLENCE_1077.mp4,0
/home/jovyan/slowfast/data/Bus/Fight/VIOLENCE_428.mp4,0
/home/jovyan/slowfast/data/Bus/Fight/VIOLENCE_371.mp4,0
/home/jovyan/slowfast/data/Bus/NoFight/NONVIOLENCE_3184.mp4,1
/home/jovyan/slowfast/data/Bus/Fight/VIOLENCE_1112.mp4,0
/home/jovyan/slowfast/data/Bus/NoFight/NONVIOLENCE_1432.mp4,1
/home/jovyan/slowfast/data/Bus/NoFight/NONVIOLENCE_2992.mp4,1
/home/jovyan/slowfast/data/Bus/Fight/VIOLENCE_33.mp4,0
/home/jovyan/slowfast/data/Bus/Fight/VIOLENCE_717.mp4,0
/home/jovyan/slowfast/data/Bus/Fight/VIOLENCE_343.mp4,0
/home/jovyan/slowfast/data/Bus/NoFight/NONVIOLENCE_2285.mp4,1
/home/jovyan/slowfast/data/Bus/Fight/VIOLENCE_506.mp4,0
/home/jovyan/slowfast/data/Bus/NoFight/NONVIOLENCE_130.mp4,1
/home/jovyan/slowfast/data/Bus/Fight/VIOLENCE_440.mp4,0
/home/jovyan/slowfast/data/Bus/NoFight/NONVIOLENCE_2608.mp4,1
/home/jovyan/slowfast/data/Bus/NoFight/NONVIOLENCE_2789.mp4,1
/home/jovyan/slowfast/data/Bus/Fight/VIOLENCE_76.mp4,0
/home/jovyan/slowfast/data/Bus/NoFight/NONVIOLENCE_326.mp4,1
/home/jovyan/slowfast/data/Bus/NoFight/NONVIOLENCE_2635.mp4,1
/home/jovyan/slowfast/data/Bus/NoFight/NONVIOLENCE_3321.mp4,1
/home/jovyan/slowfast/data/Bus/Fight/VIOLENCE_1107.mp4,0
/home/jovyan/slowfast/data/Bus/NoFight/NONVIOLENCE_2589.mp4,1
/home/jovyan/slowfast/data/Bus/Fight/VIOLENCE_517.mp4,0
/home/jovyan/slowfast/data/Bus/NoFight/NONVIOLENCE_1167.mp4,1
/home/jovyan/slowfast/data/Bus/Fight/VIOLENCE_780.mp4,0
/home/jovyan/slowfast/data/Bus/NoFight/NONVIOLENCE_101.mp4,1
/home/jovyan/slowfast/data/Bus/NoFight/NONVIOLENCE_3811.mp4,1
/home/jovyan/slowfast/data/Bus/NoFight/NONVIOLENCE_1425.mp4,1
/home/jovyan/slowfast/data/Bus/Fight/VIOLENCE_468.mp4,0
/home/jovyan/slowfast/data/Bus/Fight/VIOLENCE_1223.mp4,0
/home/jovyan/slowfast/data/Bus/Fight/VIOLENCE_627.mp4,0
/home/jovyan/slowfast/data/Bus/Fight/VIOLENCE_242.mp4,0
/home/jovyan/slowfast/data/Bus/Fight/VIOLENCE_703.mp4,0
/home/jovyan/slowfast/data/Bus/NoFight/NONVIOLENCE_314.mp4,1
/home/jovyan/slowfast/data/Bus/Fight/VIOLENCE_764.mp4,0
/home/jovyan/slowfast/data/Bus/Fight/VIOLENCE_457.mp4,0
/home/jovyan/slowfast/data/Bus/NoFight/NONVIOLENCE_2956.mp4,1
/home/jovyan/slowfast/data/Bus/NoFight/NONVIOLENCE_2545.mp4,1
/home/jovyan/slowfast/data/Bus/Fight/VIOLENCE_676.mp4,0
/home/jovyan/slowfast/data/Bus/NoFight/NONVIOLENCE_3448.mp4,1
/home/jovyan/slowfast/data/Bus/Fight/VIOLENCE_1098.mp4,0
/home/jovyan/slowfast/data/Bus/Fight/VIOLENCE_109.mp4,0
/home/jovyan/slowfast/data/Bus/NoFight/NONVIOLENCE_2596.mp4,1
/home/jovyan/slowfast/data/Bus/Fight/VIOLENCE_400.mp4,0
/home/jovyan/slowfast/data/Bus/Fight/VIOLENCE_1124.mp4,0
/home/jovyan/slowfast/data/Bus/Fight/VIOLENCE_516.mp4,0
/home/jovyan/slowfast/data/Bus/NoFight/NONVIOLENCE_1390.mp4,1
/home/jovyan/slowfast/data/Bus/NoFight/NONVIOLENCE_3335.mp4,1
/home/jovyan/slowfast/data/Bus/NoFight/NONVIOLENCE_3261.mp4,1
/home/jovyan/slowfast/data/Bus/Fight/VIOLENCE_1039.mp4,0
/home/jovyan/slowfast/data/Bus/Fight/VIOLENCE_1106.mp4,0
/home/jovyan/slowfast/data/Bus/NoFight/NONVIOLENCE_1327.mp4,1
/home/jovyan/slowfast/data/Bus/NoFight/NONVIOLENCE_291.mp4,1
/home/jovyan/slowfast/data/Bus/NoFight/NONVIOLENCE_3733.mp4,1
/home/jovyan/slowfast/data/Bus/Fight/VIOLENCE_230.mp4,0
/home/jovyan/slowfast/data/Bus/NoFight/NONVIOLENCE_1051.mp4,1
/home/jovyan/slowfast/data/Bus/NoFight/NONVIOLENCE_1095.mp4,1
/home/jovyan/slowfast/data/Bus/NoFight/NONVIOLENCE_1133.mp4,1
/home/jovyan/slowfast/data/Bus/Fight/VIOLENCE_542.mp4,0
/home/jovyan/slowfast/data/Bus/NoFight/NONVIOLENCE_3324.mp4,1
/home/jovyan/slowfast/data/Bus/NoFight/NONVIOLENCE_2553.mp4,1
/home/jovyan/slowfast/data/Bus/NoFight/NONVIOLENCE_1540.mp4,1
/home/jovyan/slowfast/data/Bus/Fight/VIOLENCE_775.mp4,0
/home/jovyan/slowfast/data/Bus/NoFight/NONVIOLENCE_1391.mp4,1
/home/jovyan/slowfast/data/Bus/Fight/VIOLENCE_591.mp4,0
/home/jovyan/slowfast/data/Bus/NoFight/NONVIOLENCE_2319.mp4,1
/home/jovyan/slowfast/data/Bus/NoFight/NONVIOLENCE_1118.mp4,1
/home/jovyan/slowfast/data/Bus/Fight/VIOLENCE_1158.mp4,0
/home/jovyan/slowfast/data/Bus/Fight/VIOLENCE_415.mp4,0
/home/jovyan/slowfast/data/Bus/NoFight/NONVIOLENCE_2261.mp4,1
/home/jovyan/slowfast/data/Bus/NoFight/NONVIOLENCE_2801.mp4,1
/home/jovyan/slowfast/data/Bus/NoFight/NONVIOLENCE_3195.mp4,1
/home/jovyan/slowfast/data/Bus/NoFight/NONVIOLENCE_1028.mp4,1
/home/jovyan/slowfast/data/Bus/NoFight/NONVIOLENCE_2835.mp4,1
/home/jovyan/slowfast/data/Bus/Fight/VIOLENCE_41.mp4,0
/home/jovyan/slowfast/data/Bus/Fight/VIOLENCE_416.mp4,0
/home/jovyan/slowfast/data/Bus/Fight/VIOLENCE_1004.mp4,0
/home/jovyan/slowfast/data/Bus/Fight/VIOLENCE_305.mp4,0
/home/jovyan/slowfast/data/Bus/NoFight/NONVIOLENCE_2478.mp4,1
/home/jovyan/slowfast/data/Bus/NoFight/NONVIOLENCE_2805.mp4,1
/home/jovyan/slowfast/data/Bus/NoFight/NONVIOLENCE_3329.mp4,1
/home/jovyan/slowfast/data/Bus/NoFight/NONVIOLENCE_3772.mp4,1
/home/jovyan/slowfast/data/Bus/NoFight/NONVIOLENCE_340.mp4,1
/home/jovyan/slowfast/data/Bus/Fight/VIOLENCE_512.mp4,0
/home/jovyan/slowfast/data/Bus/Fight/VIOLENCE_589.mp4,0
/home/jovyan/slowfast/data/Bus/NoFight/NONVIOLENCE_234.mp4,1
/home/jovyan/slowfast/data/Bus/NoFight/NONVIOLENCE_3808.mp4,1
/home/jovyan/slowfast/data/Bus/Fight/VIOLENCE_527.mp4,0
/home/jovyan/slowfast/data/Bus/Fight/VIOLENCE_497.mp4,0
/home/jovyan/slowfast/data/Bus/Fight/VIOLENCE_411.mp4,0
/home/jovyan/slowfast/data/Bus/Fight/VIOLENCE_1217.mp4,0
/home/jovyan/slowfast/data/Bus/Fight/VIOLENCE_608.mp4,0
/home/jovyan/slowfast/data/Bus/Fight/VIOLENCE_258.mp4,0
/home/jovyan/slowfast/data/Bus/Fight/VIOLENCE_298.mp4,0
/home/jovyan/slowfast/data/Bus/Fight/VIOLENCE_1058.mp4,0
/home/jovyan/slowfast/data/Bus/Fight/VIOLENCE_607.mp4,0
/home/jovyan/slowfast/data/Bus/Fight/VIOLENCE_773.mp4,0
/home/jovyan/slowfast/data/Bus/Fight/VIOLENCE_532.mp4,0
/home/jovyan/slowfast/data/Bus/Fight/VIOLENCE_1006.mp4,0
/home/jovyan/slowfast/data/Bus/NoFight/NONVIOLENCE_2435.mp4,1
/home/jovyan/slowfast/data/Bus/Fight/VIOLENCE_1192.mp4,0
/home/jovyan/slowfast/data/Bus/Fight/VIOLENCE_2.mp4,0
/home/jovyan/slowfast/data/Bus/NoFight/NONVIOLENCE_3186.mp4,1
/home/jovyan/slowfast/data/Bus/Fight/VIOLENCE_106.mp4,0
/home/jovyan/slowfast/data/Bus/Fight/VIOLENCE_360.mp4,0
/home/jovyan/slowfast/data/Bus/Fight/VIOLENCE_443.mp4,0
/home/jovyan/slowfast/data/Bus/NoFight/NONVIOLENCE_2660.mp4,1
/home/jovyan/slowfast/data/Bus/NoFight/NONVIOLENCE_110.mp4,1
/home/jovyan/slowfast/data/Bus/NoFight/NONVIOLENCE_2880.mp4,1
/home/jovyan/slowfast/data/Bus/NoFight/NONVIOLENCE_2475.mp4,1
/home/jovyan/slowfast/data/Bus/NoFight/NONVIOLENCE_3245.mp4,1
/home/jovyan/slowfast/data/Bus/NoFight/NONVIOLENCE_2388.mp4,1
/home/jovyan/slowfast/data/Bus/Fight/VIOLENCE_1156.mp4,0
/home/jovyan/slowfast/data/Bus/NoFight/NONVIOLENCE_1589.mp4,1
/home/jovyan/slowfast/data/Bus/NoFight/NONVIOLENCE_1516.mp4,1
/home/jovyan/slowfast/data/Bus/Fight/VIOLENCE_694.mp4,0
/home/jovyan/slowfast/data/Bus/NoFight/NONVIOLENCE_3778.mp4,1
/home/jovyan/slowfast/data/Bus/Fight/VIOLENCE_511.mp4,0
/home/jovyan/slowfast/data/Bus/Fight/VIOLENCE_485.mp4,0
/home/jovyan/slowfast/data/Bus/NoFight/NONVIOLENCE_2785.mp4,1
/home/jovyan/slowfast/data/Bus/NoFight/NONVIOLENCE_1436.mp4,1
/home/jovyan/slowfast/data/Bus/NoFight/NONVIOLENCE_3516.mp4,1
/home/jovyan/slowfast/data/Bus/Fight/VIOLENCE_549.mp4,0
/home/jovyan/slowfast/data/Bus/Fight/VIOLENCE_1188.mp4,0
/home/jovyan/slowfast/data/Bus/NoFight/NONVIOLENCE_3407.mp4,1
/home/jovyan/slowfast/data/Bus/NoFight/NONVIOLENCE_1264.mp4,1
/home/jovyan/slowfast/data/Bus/NoFight/NONVIOLENCE_2296.mp4,1
/home/jovyan/slowfast/data/Bus/NoFight/NONVIOLENCE_3512.mp4,1
/home/jovyan/slowfast/data/Bus/NoFight/NONVIOLENCE_1603.mp4,1
/home/jovyan/slowfast/data/Bus/NoFight/NONVIOLENCE_1381.mp4,1
/home/jovyan/slowfast/data/Bus/Fight/VIOLENCE_564.mp4,0
/home/jovyan/slowfast/data/Bus/NoFight/NONVIOLENCE_2280.mp4,1
/home/jovyan/slowfast/data/Bus/NoFight/NONVIOLENCE_3509.mp4,1
/home/jovyan/slowfast/data/Bus/NoFight/NONVIOLENCE_2808.mp4,1
/home/jovyan/slowfast/data/Bus/NoFight/NONVIOLENCE_3472.mp4,1
/home/jovyan/slowfast/data/Bus/NoFight/NONVIOLENCE_3339.mp4,1
/home/jovyan/slowfast/data/Bus/NoFight/NONVIOLENCE_3169.mp4,1
/home/jovyan/slowfast/data/Bus/NoFight/NONVIOLENCE_2770.mp4,1
/home/jovyan/slowfast/data/Bus/NoFight/NONVIOLENCE_2951.mp4,1
/home/jovyan/slowfast/data/Bus/NoFight/NONVIOLENCE_2620.mp4,1
/home/jovyan/slowfast/data/Bus/NoFight/NONVIOLENCE_376.mp4,1
/home/jovyan/slowfast/data/Bus/NoFight/NONVIOLENCE_1027.mp4,1
/home/jovyan/slowfast/data/Bus/NoFight/NONVIOLENCE_2323.mp4,1
/home/jovyan/slowfast/data/Bus/Fight/VIOLENCE_493.mp4,0
/home/jovyan/slowfast/data/Bus/Fight/VIOLENCE_120.mp4,0
/home/jovyan/slowfast/data/Bus/Fight/VIOLENCE_671.mp4,0
/home/jovyan/slowfast/data/Bus/NoFight/NONVIOLENCE_3307.mp4,1
/home/jovyan/slowfast/data/Bus/Fight/VIOLENCE_669.mp4,0
/home/jovyan/slowfast/data/Bus/Fight/VIOLENCE_1056.mp4,0
/home/jovyan/slowfast/data/Bus/Fight/VIOLENCE_533.mp4,0
/home/jovyan/slowfast/data/Bus/NoFight/NONVIOLENCE_3123.mp4,1
/home/jovyan/slowfast/data/Bus/NoFight/NONVIOLENCE_2503.mp4,1
/home/jovyan/slowfast/data/Bus/Fight/VIOLENCE_1115.mp4,0
/home/jovyan/slowfast/data/Bus/NoFight/NONVIOLENCE_257.mp4,1
/home/jovyan/slowfast/data/Bus/NoFight/NONVIOLENCE_1146.mp4,1
/home/jovyan/slowfast/data/Bus/Fight/VIOLENCE_1189.mp4,0
/home/jovyan/slowfast/data/Bus/NoFight/NONVIOLENCE_2413.mp4,1
/home/jovyan/slowfast/data/Bus/Fight/VIOLENCE_638.mp4,0
/home/jovyan/slowfast/data/Bus/NoFight/NONVIOLENCE_3207.mp4,1
/home/jovyan/slowfast/data/Bus/Fight/VIOLENCE_1195.mp4,0
/home/jovyan/slowfast/data/Bus/Fight/VIOLENCE_529.mp4,0
/home/jovyan/slowfast/data/Bus/Fight/VIOLENCE_1097.mp4,0
/home/jovyan/slowfast/data/Bus/NoFight/NONVIOLENCE_3137.mp4,1
/home/jovyan/slowfast/data/Bus/NoFight/NONVIOLENCE_1426.mp4,1
/home/jovyan/slowfast/data/Bus/Fight/VIOLENCE_499.mp4,0
/home/jovyan/slowfast/data/Bus/Fight/VIOLENCE_349.mp4,0
/home/jovyan/slowfast/data/Bus/NoFight/NONVIOLENCE_2997.mp4,1
/home/jovyan/slowfast/data/Bus/Fight/VIOLENCE_339.mp4,0
/home/jovyan/slowfast/data/Bus/NoFight/NONVIOLENCE_1397.mp4,1
/home/jovyan/slowfast/data/Bus/NoFight/NONVIOLENCE_2357.mp4,1
/home/jovyan/slowfast/data/Bus/NoFight/NONVIOLENCE_3719.mp4,1
/home/jovyan/slowfast/data/Bus/NoFight/NONVIOLENCE_3820.mp4,1
/home/jovyan/slowfast/data/Bus/NoFight/NONVIOLENCE_2829.mp4,1
/home/jovyan/slowfast/data/Bus/NoFight/NONVIOLENCE_3100.mp4,1
/home/jovyan/slowfast/data/Bus/Fight/VIOLENCE_300.mp4,0
/home/jovyan/slowfast/data/Bus/NoFight/NONVIOLENCE_3675.mp4,1
/home/jovyan/slowfast/data/Bus/NoFight/NONVIOLENCE_2315.mp4,1
/home/jovyan/slowfast/data/Bus/NoFight/NONVIOLENCE_3267.mp4,1
/home/jovyan/slowfast/data/Bus/NoFight/NONVIOLENCE_2434.mp4,1
/home/jovyan/slowfast/data/Bus/NoFight/NONVIOLENCE_3496.mp4,1
/home/jovyan/slowfast/data/Bus/Fight/VIOLENCE_679.mp4,0
/home/jovyan/slowfast/data/Bus/NoFight/NONVIOLENCE_3580.mp4,1
/home/jovyan/slowfast/data/Bus/Fight/VIOLENCE_639.mp4,0
/home/jovyan/slowfast/data/Bus/Fight/VIOLENCE_611.mp4,0
/home/jovyan/slowfast/data/Bus/NoFight/NONVIOLENCE_2925.mp4,1
/home/jovyan/slowfast/data/Bus/Fight/VIOLENCE_707.mp4,0
/home/jovyan/slowfast/data/Bus/NoFight/NONVIOLENCE_3247.mp4,1
/home/jovyan/slowfast/data/Bus/Fight/VIOLENCE_1114.mp4,0
/home/jovyan/slowfast/data/Bus/NoFight/NONVIOLENCE_3134.mp4,1
/home/jovyan/slowfast/data/Bus/Fight/VIOLENCE_695.mp4,0
/home/jovyan/slowfast/data/Bus/Fight/VIOLENCE_1214.mp4,0
/home/jovyan/slowfast/data/Bus/Fight/VIOLENCE_1165.mp4,0
/home/jovyan/slowfast/data/Bus/NoFight/NONVIOLENCE_132.mp4,1
/home/jovyan/slowfast/data/Bus/NoFight/NONVIOLENCE_3569.mp4,1
/home/jovyan/slowfast/data/Bus/NoFight/NONVIOLENCE_1411.mp4,1
/home/jovyan/slowfast/data/Bus/NoFight/NONVIOLENCE_3070.mp4,1
/home/jovyan/slowfast/data/Bus/NoFight/NONVIOLENCE_2347.mp4,1
/home/jovyan/slowfast/data/Bus/NoFight/NONVIOLENCE_3180.mp4,1
/home/jovyan/slowfast/data/Bus/NoFight/NONVIOLENCE_1360.mp4,1
/home/jovyan/slowfast/data/Bus/Fight/VIOLENCE_336.mp4,0
/home/jovyan/slowfast/data/Bus/Fight/VIOLENCE_592.mp4,0
/home/jovyan/slowfast/data/Bus/NoFight/NONVIOLENCE_3337.mp4,1
/home/jovyan/slowfast/data/Bus/Fight/VIOLENCE_26.mp4,0
/home/jovyan/slowfast/data/Bus/NoFight/NONVIOLENCE_2733.mp4,1
/home/jovyan/slowfast/data/Bus/Fight/VIOLENCE_35.mp4,0
/home/jovyan/slowfast/data/Bus/Fight/VIOLENCE_596.mp4,0
/home/jovyan/slowfast/data/Bus/NoFight/NONVIOLENCE_3809.mp4,1
/home/jovyan/slowfast/data/Bus/Fight/VIOLENCE_1014.mp4,0
/home/jovyan/slowfast/data/Bus/NoFight/NONVIOLENCE_2680.mp4,1
/home/jovyan/slowfast/data/Bus/Fight/VIOLENCE_1211.mp4,0
/home/jovyan/slowfast/data/Bus/NoFight/NONVIOLENCE_3508.mp4,1
/home/jovyan/slowfast/data/Bus/NoFight/NONVIOLENCE_2599.mp4,1
/home/jovyan/slowfast/data/Bus/NoFight/NONVIOLENCE_2603.mp4,1
/home/jovyan/slowfast/data/Bus/NoFight/NONVIOLENCE_311.mp4,1
/home/jovyan/slowfast/data/Bus/Fight/VIOLENCE_54.mp4,0
/home/jovyan/slowfast/data/Bus/NoFight/NONVIOLENCE_375.mp4,1
/home/jovyan/slowfast/data/Bus/NoFight/NONVIOLENCE_305.mp4,1
/home/jovyan/slowfast/data/Bus/NoFight/NONVIOLENCE_3103.mp4,1
/home/jovyan/slowfast/data/Bus/Fight/VIOLENCE_274.mp4,0
/home/jovyan/slowfast/data/Bus/NoFight/NONVIOLENCE_3524.mp4,1
/home/jovyan/slowfast/data/Bus/NoFight/NONVIOLENCE_1110.mp4,1
/home/jovyan/slowfast/data/Bus/NoFight/NONVIOLENCE_2657.mp4,1
/home/jovyan/slowfast/data/Bus/Fight/VIOLENCE_610.mp4,0
/home/jovyan/slowfast/data/Bus/NoFight/NONVIOLENCE_2375.mp4,1
/home/jovyan/slowfast/data/Bus/Fight/VIOLENCE_1232.mp4,0
/home/jovyan/slowfast/data/Bus/Fight/VIOLENCE_387.mp4,0
/home/jovyan/slowfast/data/Bus/NoFight/NONVIOLENCE_1302.mp4,1
/home/jovyan/slowfast/data/Bus/Fight/VIOLENCE_75.mp4,0
/home/jovyan/slowfast/data/Bus/NoFight/NONVIOLENCE_362.mp4,1
/home/jovyan/slowfast/data/Bus/Fight/VIOLENCE_696.mp4,0
/home/jovyan/slowfast/data/Bus/NoFight/NONVIOLENCE_3237.mp4,1
/home/jovyan/slowfast/data/Bus/NoFight/NONVIOLENCE_1336.mp4,1
/home/jovyan/slowfast/data/Bus/Fight/VIOLENCE_432.mp4,0
/home/jovyan/slowfast/data/Bus/Fight/VIOLENCE_268.mp4,0
/home/jovyan/slowfast/data/Bus/Fight/VIOLENCE_453.mp4,0
/home/jovyan/slowfast/data/Bus/NoFight/NONVIOLENCE_3720.mp4,1
/home/jovyan/slowfast/data/Bus/Fight/VIOLENCE_275.mp4,0
/home/jovyan/slowfast/data/Bus/NoFight/NONVIOLENCE_3277.mp4,1
/home/jovyan/slowfast/data/Bus/Fight/VIOLENCE_389.mp4,0
/home/jovyan/slowfast/data/Bus/Fight/VIOLENCE_391.mp4,0
/home/jovyan/slowfast/data/Bus/Fight/VIOLENCE_72.mp4,0
/home/jovyan/slowfast/data/Bus/Fight/VIOLENCE_621.mp4,0
/home/jovyan/slowfast/data/Bus/Fight/VIOLENCE_450.mp4,0
/home/jovyan/slowfast/data/Bus/Fight/VIOLENCE_535.mp4,0
/home/jovyan/slowfast/data/Bus/Fight/VIOLENCE_1105.mp4,0
/home/jovyan/slowfast/data/Bus/Fight/VIOLENCE_32.mp4,0
/home/jovyan/slowfast/data/Bus/Fight/VIOLENCE_1025.mp4,0
/home/jovyan/slowfast/data/Bus/NoFight/NONVIOLENCE_3620.mp4,1
/home/jovyan/slowfast/data/Bus/Fight/VIOLENCE_1162.mp4,0
/home/jovyan/slowfast/data/Bus/Fight/VIOLENCE_59.mp4,0
/home/jovyan/slowfast/data/Bus/NoFight/NONVIOLENCE_3480.mp4,1
/home/jovyan/slowfast/data/Bus/Fight/VIOLENCE_295.mp4,0
/home/jovyan/slowfast/data/Bus/Fight/VIOLENCE_678.mp4,0
/home/jovyan/slowfast/data/Bus/Fight/VIOLENCE_1176.mp4,0
/home/jovyan/slowfast/data/Bus/NoFight/NONVIOLENCE_3410.mp4,1
/home/jovyan/slowfast/data/Bus/Fight/VIOLENCE_320.mp4,0
/home/jovyan/slowfast/data/Bus/NoFight/NONVIOLENCE_1595.mp4,1
/home/jovyan/slowfast/data/Bus/NoFight/NONVIOLENCE_3583.mp4,1
/home/jovyan/slowfast/data/Bus/NoFight/NONVIOLENCE_3745.mp4,1
/home/jovyan/slowfast/data/Bus/Fight/VIOLENCE_65.mp4,0
/home/jovyan/slowfast/data/Bus/NoFight/NONVIOLENCE_2582.mp4,1
/home/jovyan/slowfast/data/Bus/Fight/VIOLENCE_778.mp4,0
/home/jovyan/slowfast/data/Bus/NoFight/NONVIOLENCE_3259.mp4,1
/home/jovyan/slowfast/data/Bus/Fight/VIOLENCE_37.mp4,0
/home/jovyan/slowfast/data/Bus/NoFight/NONVIOLENCE_3653.mp4,1
/home/jovyan/slowfast/data/Bus/NoFight/NONVIOLENCE_3130.mp4,1
/home/jovyan/slowfast/data/Bus/NoFight/NONVIOLENCE_2893.mp4,1
/home/jovyan/slowfast/data/Bus/Fight/VIOLENCE_1164.mp4,0
/home/jovyan/slowfast/data/Bus/NoFight/NONVIOLENCE_2272.mp4,1
/home/jovyan/slowfast/data/Bus/NoFight/NONVIOLENCE_1147.mp4,1
/home/jovyan/slowfast/data/Bus/Fight/VIOLENCE_69.mp4,0
/home/jovyan/slowfast/data/Bus/NoFight/NONVIOLENCE_1179.mp4,1
/home/jovyan/slowfast/data/Bus/Fight/VIOLENCE_245.mp4,0
/home/jovyan/slowfast/data/Bus/NoFight/NONVIOLENCE_2336.mp4,1
/home/jovyan/slowfast/data/Bus/NoFight/NONVIOLENCE_2310.mp4,1
/home/jovyan/slowfast/data/Bus/Fight/VIOLENCE_64.mp4,0
/home/jovyan/slowfast/data/Bus/NoFight/NONVIOLENCE_109.mp4,1
/home/jovyan/slowfast/data/Bus/Fight/VIOLENCE_1185.mp4,0
/home/jovyan/slowfast/data/Bus/Fight/VIOLENCE_630.mp4,0
/home/jovyan/slowfast/data/Bus/NoFight/NONVIOLENCE_3358.mp4,1
/home/jovyan/slowfast/data/Bus/NoFight/NONVIOLENCE_2696.mp4,1
/home/jovyan/slowfast/data/Bus/Fight/VIOLENCE_555.mp4,0
/home/jovyan/slowfast/data/Bus/NoFight/NONVIOLENCE_1105.mp4,1
/home/jovyan/slowfast/data/Bus/NoFight/NONVIOLENCE_1533.mp4,1
/home/jovyan/slowfast/data/Bus/NoFight/NONVIOLENCE_2267.mp4,1
/home/jovyan/slowfast/data/Bus/NoFight/NONVIOLENCE_3302.mp4,1
/home/jovyan/slowfast/data/Bus/NoFight/NONVIOLENCE_2518.mp4,1
/home/jovyan/slowfast/data/Bus/Fight/VIOLENCE_246.mp4,0
/home/jovyan/slowfast/data/Bus/NoFight/NONVIOLENCE_1122.mp4,1
/home/jovyan/slowfast/data/Bus/Fight/VIOLENCE_431.mp4,0
/home/jovyan/slowfast/data/Bus/NoFight/NONVIOLENCE_3822.mp4,1
/home/jovyan/slowfast/data/Bus/Fight/VIOLENCE_74.mp4,0
/home/jovyan/slowfast/data/Bus/Fight/VIOLENCE_481.mp4,0
/home/jovyan/slowfast/data/Bus/Fight/VIOLENCE_328.mp4,0
/home/jovyan/slowfast/data/Bus/Fight/VIOLENCE_1016.mp4,0
/home/jovyan/slowfast/data/Bus/Fight/VIOLENCE_250.mp4,0
/home/jovyan/slowfast/data/Bus/NoFight/NONVIOLENCE_278.mp4,1
/home/jovyan/slowfast/data/Bus/Fight/VIOLENCE_556.mp4,0
/home/jovyan/slowfast/data/Bus/NoFight/NONVIOLENCE_1050.mp4,1
/home/jovyan/slowfast/data/Bus/Fight/VIOLENCE_113.mp4,0
/home/jovyan/slowfast/data/Bus/Fight/VIOLENCE_570.mp4,0
/home/jovyan/slowfast/data/Bus/Fight/VIOLENCE_546.mp4,0
/home/jovyan/slowfast/data/Bus/NoFight/NONVIOLENCE_2440.mp4,1
/home/jovyan/slowfast/data/Bus/Fight/VIOLENCE_1028.mp4,0
/home/jovyan/slowfast/data/Bus/Fight/VIOLENCE_765.mp4,0
/home/jovyan/slowfast/data/Bus/Fight/VIOLENCE_1140.mp4,0
/home/jovyan/slowfast/data/Bus/Fight/VIOLENCE_253.mp4,0
/home/jovyan/slowfast/data/Bus/NoFight/NONVIOLENCE_3793.mp4,1
/home/jovyan/slowfast/data/Bus/Fight/VIOLENCE_5.mp4,0
/home/jovyan/slowfast/data/Bus/Fight/VIOLENCE_1141.mp4,0
/home/jovyan/slowfast/data/Bus/NoFight/NONVIOLENCE_3735.mp4,1
/home/jovyan/slowfast/data/Bus/Fight/VIOLENCE_1031.mp4,0
/home/jovyan/slowfast/data/Bus/NoFight/NONVIOLENCE_1492.mp4,1
/home/jovyan/slowfast/data/Bus/Fight/VIOLENCE_244.mp4,0
/home/jovyan/slowfast/data/Bus/Fight/VIOLENCE_509.mp4,0
/home/jovyan/slowfast/data/Bus/NoFight/NONVIOLENCE_12.mp4,1
/home/jovyan/slowfast/data/Bus/Fight/VIOLENCE_1169.mp4,0
/home/jovyan/slowfast/data/Bus/Fight/VIOLENCE_323.mp4,0
/home/jovyan/slowfast/data/Bus/NoFight/NONVIOLENCE_3564.mp4,1
/home/jovyan/slowfast/data/Bus/NoFight/NONVIOLENCE_2778.mp4,1
/home/jovyan/slowfast/data/Bus/Fight/VIOLENCE_114.mp4,0
/home/jovyan/slowfast/data/Bus/Fight/VIOLENCE_364.mp4,0
/home/jovyan/slowfast/data/Bus/NoFight/NONVIOLENCE_1266.mp4,1
/home/jovyan/slowfast/data/Bus/Fight/VIOLENCE_763.mp4,0
/home/jovyan/slowfast/data/Bus/NoFight/NONVIOLENCE_1485.mp4,1
/home/jovyan/slowfast/data/Bus/NoFight/NONVIOLENCE_2501.mp4,1
/home/jovyan/slowfast/data/Bus/Fight/VIOLENCE_277.mp4,0
/home/jovyan/slowfast/data/Bus/Fight/VIOLENCE_731.mp4,0
/home/jovyan/slowfast/data/Bus/NoFight/NONVIOLENCE_3699.mp4,1
/home/jovyan/slowfast/data/Bus/Fight/VIOLENCE_1121.mp4,0
/home/jovyan/slowfast/data/Bus/Fight/VIOLENCE_284.mp4,0
/home/jovyan/slowfast/data/Bus/NoFight/NONVIOLENCE_2815.mp4,1
/home/jovyan/slowfast/data/Bus/NoFight/NONVIOLENCE_1046.mp4,1
/home/jovyan/slowfast/data/Bus/NoFight/NONVIOLENCE_3401.mp4,1
/home/jovyan/slowfast/data/Bus/Fight/VIOLENCE_505.mp4,0
/home/jovyan/slowfast/data/Bus/Fight/VIOLENCE_446.mp4,0
/home/jovyan/slowfast/data/Bus/Fight/VIOLENCE_62.mp4,0
/home/jovyan/slowfast/data/Bus/Fight/VIOLENCE_685.mp4,0
/home/jovyan/slowfast/data/Bus/Fight/VIOLENCE_720.mp4,0
/home/jovyan/slowfast/data/Bus/NoFight/NONVIOLENCE_1064.mp4,1
/home/jovyan/slowfast/data/Bus/NoFight/NONVIOLENCE_2431.mp4,1
/home/jovyan/slowfast/data/Bus/Fight/VIOLENCE_644.mp4,0
/home/jovyan/slowfast/data/Bus/Fight/VIOLENCE_365.mp4,0
/home/jovyan/slowfast/data/Bus/NoFight/NONVIOLENCE_3062.mp4,1
/home/jovyan/slowfast/data/Bus/NoFight/NONVIOLENCE_3019.mp4,1
/home/jovyan/slowfast/data/Bus/Fight/VIOLENCE_306.mp4,0
/home/jovyan/slowfast/data/Bus/Fight/VIOLENCE_620.mp4,0
/home/jovyan/slowfast/data/Bus/NoFight/NONVIOLENCE_3740.mp4,1
/home/jovyan/slowfast/data/Bus/NoFight/NONVIOLENCE_2527.mp4,1
/home/jovyan/slowfast/data/Bus/NoFight/NONVIOLENCE_2735.mp4,1
/home/jovyan/slowfast/data/Bus/Fight/VIOLENCE_296.mp4,0
/home/jovyan/slowfast/data/Bus/NoFight/NONVIOLENCE_3399.mp4,1
/home/jovyan/slowfast/data/Bus/NoFight/NONVIOLENCE_2292.mp4,1
/home/jovyan/slowfast/data/Bus/NoFight/NONVIOLENCE_1314.mp4,1
/home/jovyan/slowfast/data/Bus/NoFight/NONVIOLENCE_2573.mp4,1
/home/jovyan/slowfast/data/Bus/Fight/VIOLENCE_525.mp4,0
/home/jovyan/slowfast/data/Bus/Fight/VIOLENCE_551.mp4,0
/home/jovyan/slowfast/data/Bus/NoFight/NONVIOLENCE_3645.mp4,1
/home/jovyan/slowfast/data/Bus/NoFight/NONVIOLENCE_1366.mp4,1
/home/jovyan/slowfast/data/Bus/NoFight/NONVIOLENCE_2868.mp4,1
/home/jovyan/slowfast/data/Bus/NoFight/NONVIOLENCE_2513.mp4,1
/home/jovyan/slowfast/data/Bus/Fight/VIOLENCE_1173.mp4,0
/home/jovyan/slowfast/data/Bus/Fight/VIOLENCE_119.mp4,0
/home/jovyan/slowfast/data/Bus/Fight/VIOLENCE_631.mp4,0
/home/jovyan/slowfast/data/Bus/NoFight/NONVIOLENCE_2793.mp4,1
/home/jovyan/slowfast/data/Bus/Fight/VIOLENCE_682.mp4,0
/home/jovyan/slowfast/data/Bus/NoFight/NONVIOLENCE_2745.mp4,1
/home/jovyan/slowfast/data/Bus/NoFight/NONVIOLENCE_1373.mp4,1
/home/jovyan/slowfast/data/Bus/Fight/VIOLENCE_73.mp4,0
/home/jovyan/slowfast/data/Bus/Fight/VIOLENCE_1172.mp4,0
/home/jovyan/slowfast/data/Bus/Fight/VIOLENCE_262.mp4,0
/home/jovyan/slowfast/data/Bus/NoFight/NONVIOLENCE_2615.mp4,1
/home/jovyan/slowfast/data/Bus/Fight/VIOLENCE_1070.mp4,0
